filename,width,height,class,xmin,ymin,xmax,ymax
IMG_0697.JPG,4032,3024,sg1,151,759,2401,2300
IMG_0698.JPG,4032,3024,sg1,1564,262,2973,2502
IMG_0699.JPG,4032,3024,sg1,136,709,3289,2971
IMG_0700.JPG,4032,3024,sg1,23,68,4026,2852
IMG_0701.JPG,4032,3024,sg1,176,455,2157,1909
IMG_0702.JPG,4032,3024,sg1,45,343,2601,2387
IMG_0703.JPG,4032,3024,sg1,1061,1159,2979,2384
IMG_0704.JPG,4032,3024,sg1,1920,449,3804,1859
IMG_0705.JPG,4032,3024,sg1,1098,518,3345,2171
IMG_0706.JPG,4032,3024,sg1,936,1393,2798,2605
IMG_0707.JPG,4032,3024,sg1,451,1612,2295,2980
IMG_0708.JPG,4032,3024,sg1,298,521,2776,2221
IMG_0709.JPG,4032,3024,sg1,686,390,3420,2087
IMG_0712.JPG,4032,3024,sg1,532,865,2407,2268
IMG_0713.JPG,4032,3024,sg1,164,143,3764,2487
IMG_0714.JPG,4032,3024,sg1,2114,893,3295,1705
IMG_0715.JPG,4032,3024,sg1,1757,1255,3520,2421
IMG_0716.JPG,4032,3024,sg1,239,2,3351,2146
IMG_0717.JPG,4032,3024,sg1,532,671,3579,2555
IMG_0718.JPG,4032,3024,sg1,1532,977,3732,2493
IMG_0719.JPG,4032,3024,sg1,39,415,2695,2302
IMG_0720.JPG,4032,3024,sg1,423,1165,2039,2299
IMG_0721.JPG,4032,3024,sg1,1286,149,3701,2818
IMG_0722.JPG,4032,3024,sg1,186,755,2376,2327
IMG_0723.JPG,4032,3024,sg1,311,755,2779,2515
IMG_0724.JPG,4032,3024,sg1,257,602,4032,2968
IMG_0725.JPG,4032,3024,sg1,117,459,3223,3021
IMG_0726.JPG,4032,3024,sg1,323,271,2954,2227
IMG_0727.JPG,4032,3024,sg1,7,5,4020,2627
IMG_0728.JPG,4032,3024,sg1,29,15,3992,2990
IMG_0729.JPG,4032,3024,sg1,1107,24,3917,2434
IMG_0730.JPG,4032,3024,sg1,757,674,3932,2696
IMG_0731.JPG,4032,3024,sg1,14,827,2586,2849
IMG_0732.JPG,4032,3024,sg1,1651,802,4014,2377
IMG_0733.JPG,4032,3024,sg1,773,352,4025,3024
IMG_0734.JPG,4032,3024,sg1,79,259,3929,3024
IMG_0735.JPG,4032,3024,sg1,1411,1190,3295,2509
IMG_0736.JPG,4032,3024,sg1,317,90,4026,2949
IMG_0737.JPG,4032,3024,sg1,1789,1587,3695,2821
IMG_0738.JPG,4032,3024,sg1,1104,12,3398,2499
IMG_0739.JPG,4032,3024,sg1,698,574,4020,2715
IMG_0740.JPG,4032,3024,sg1,1348,1499,4017,3024
IMG_0741.JPG,4032,3024,sg1,1976,1615,3973,2855
IMG_0742.JPG,4032,3024,sg1,339,105,4014,2649
IMG_0743.JPG,4032,3024,sg1,1064,334,3132,1880
IMG_0744.JPG,4032,3024,sg1,754,230,2889,1890
IMG_0746.JPG,4032,3024,sg1,23,5,4007,2880
IMG_0747.JPG,4032,3024,sg1,492,1362,1876,2284
IMG_0748.JPG,4032,3024,sg1,2429,980,3914,2002
IMG_0749.JPG,4032,3024,sg1,607,309,3282,2509
IMG_0750.JPG,4032,3024,sg1,801,90,2545,1340
IMG_0751.JPG,4032,3024,sg1,817,1037,3814,2952
IMG_0752.JPG,4032,3024,sg1,751,474,3957,2434
IMG_0753.JPG,4032,3024,sg1,2076,971,3842,2371
IMG_0754.JPG,4032,3024,sg1,1854,1780,3164,2565
IMG_0755.JPG,4032,3024,sg1,2076,1090,3482,2065
IMG_0756.JPG,4032,3024,sg1,17,487,2529,2374
IMG_0757.JPG,4032,3024,sg1,1495,840,3573,2187
IMG_0758.JPG,4032,3024,sg1,1829,1130,3982,2512
IMG_0759.JPG,4032,3024,sg1,1314,743,3948,2609
IMG_0760.JPG,4032,3024,sg1,182,262,4023,2790
IMG_0761.JPG,4032,3024,sg1,845,87,3304,2077
IMG_0762.JPG,4032,3024,sg1,1517,1084,3754,2880
IMG_0763.JPG,4032,3024,sg1,1576,1615,2992,2480
IMG_0764.JPG,4032,3024,sg1,1623,1334,3573,2549
IMG_0765.JPG,4032,3024,sg1,114,884,3539,2927
IMG_0766.JPG,4032,3024,sg1,1698,965,3920,2318
IMG_0767.JPG,4032,3024,sg1,942,1334,3523,2912
IMG_0768.JPG,4032,3024,sg1,1501,1627,3654,3009
IMG_0769.JPG,4032,3024,sg1,1039,818,3236,2199
IMG_0770.JPG,4032,3024,sg1,464,268,3617,2159
IMG_0771.JPG,4032,3024,sg1,1154,1087,4032,2981
IMG_0772.JPG,4032,3024,sg1,1279,996,2704,2259
IMG_0773.JPG,4032,3024,sg1,157,480,2817,2680
IMG_0774.JPG,4032,3024,sg1,1851,1130,4014,2537
IMG_0775.JPG,4032,3024,sg1,645,202,4029,2390
IMG_0776.JPG,4032,3024,sg1,79,68,4023,2677
IMG_0777.JPG,4032,3024,sg1,492,9,3932,2352
IMG_0778.JPG,4032,3024,sg1,520,665,3757,2865
IMG_0779.JPG,4032,3024,sg1,67,843,3445,2805
IMG_0780.JPG,4032,3024,sg1,1064,630,3151,2349
IMG_0781.JPG,4032,3024,sg1,32,218,3079,2680
IMG_0782.JPG,4032,3024,sg1,948,743,3226,2762
IMG_0783.JPG,4032,3024,sg1,967,809,3561,2543
IMG_0784.JPG,4032,3024,sg1,879,865,2676,2118
IMG_0785.JPG,4032,3024,sg1,1232,727,3232,2030
IMG_0786.JPG,4032,3024,sg1,1567,1252,3636,2749
IMG_0787.JPG,4032,3024,sg1,642,890,3514,2771
IMG_0788.JPG,4032,3024,sg1,976,743,3436,2652
IMG_0789.JPG,4032,3024,sg1,57,30,2670,2109
IMG_0790.JPG,4032,3024,sg1,254,968,3089,2780
IMG_0791.JPG,4032,3024,sg1,1173,1168,2739,2390
IMG_0792.JPG,4032,3024,sg1,1320,424,4007,2599
IMG_0793.JPG,4032,3024,sg1,54,24,3042,2634
IMG_0794.JPG,4032,3024,sg1,889,9,3786,1705
IMG_0795.JPG,4032,3024,sg1,1286,1224,3623,2824
IMG_0796.JPG,4032,3024,sg1,582,46,4004,3012
IMG_0797.JPG,4032,3024,sg1,1123,437,4017,2437
IMG_0798.JPG,4032,3024,sg1,1111,1487,3057,2843
IMG_0799.JPG,4032,3024,sg1,914,902,3876,2737
IMG_0800.JPG,4032,3024,sg1,714,499,4020,2749
IMG_0801.JPG,4032,3024,sg1,339,262,3670,2546
IMG_0802.JPG,4032,3024,sg1,36,18,4032,2318
IMG_0803.JPG,4032,3024,sg1,198,2,4032,2279
IMG_0804.JPG,4032,3024,sg1,304,524,3907,2834
IMG_0805.JPG,4032,3024,sg1,1839,1327,3842,2690
IMG_0806.JPG,4032,3024,sg1,895,1605,2451,2743
IMG_0807.JPG,4032,3024,sg1,1439,993,3126,2371
IMG_0808.JPG,4032,3024,sg1,832,905,3986,2852
IMG_0809.JPG,4032,3024,sg1,1542,540,4026,2462
IMG_0810.JPG,4032,3024,sg1,1111,893,4032,2733
IMG_0811.JPG,4032,3024,sg1,298,2,3642,2268
IMG_0812.JPG,4032,3024,sg1,1295,674,2673,1765
IMG_0813.JPG,4032,3024,sg1,517,1021,2973,2577
IMG_0814.JPG,4032,3024,sg1,186,9,4032,2293
IMG_0815.JPG,4032,3024,sg1,889,780,3579,2752
IMG_0816.JPG,4032,3024,sg1,1386,737,3336,2034
IMG_0817.JPG,4032,3024,sg1,1592,527,3804,2527
IMG_0818.JPG,4032,3024,sg1,1676,627,4011,2205
IMG_0819.JPG,4032,3024,sg1,2311,1752,3870,2702
IMG_0820.JPG,4032,3024,sg1,2204,593,3895,1755
IMG_0821.JPG,4032,3024,sg1,1070,440,3439,2299
IMG_0822.JPG,4032,3024,sg1,2207,621,3704,1896
IMG_0823.JPG,4032,3024,sg1,1464,1149,2898,2209
IMG_0824.JPG,4032,3024,sg1,598,1209,2976,2805
IMG_0825.JPG,4032,3024,sg1,1092,990,3879,2921
IMG_0826.JPG,4032,3024,sg1,1442,843,3751,2615
IMG_0827.JPG,4032,3024,sg1,2270,1396,3554,2155
IMG_0828.JPG,4032,3024,sg1,1745,837,2436,1287
IMG_0829.JPG,4032,3024,sg1,739,693,3286,2446
IMG_0830.JPG,4032,3024,sg1,1792,899,3826,2199
IMG_0831.JPG,4032,3024,sg1,1420,809,3429,2330
IMG_0832.JPG,4032,3024,sg1,904,827,3254,2368
IMG_0833.JPG,4032,3024,sg1,1770,1012,3667,2399
IMG_0834.JPG,4032,3024,sg1,798,577,3836,2515
IMG_0835.JPG,4032,3024,sg1,1226,1084,3051,2177
IMG_0836.JPG,4032,3024,sg1,2304,1074,3336,1799
IMG_0837.JPG,4032,3024,sg1,1201,690,3242,1887
IMG_0838.JPG,4032,3024,sg1,1157,1618,2901,2612
IMG_0839.JPG,4032,3024,sg1,1595,1162,3007,2143
IMG_0840.JPG,4032,3024,sg1,1192,1096,2529,2215
IMG_0841.JPG,4032,3024,sg1,1889,1446,3198,2227
IMG_0842.JPG,4032,3024,sg1,811,934,3620,2855
IMG_0843.JPG,4032,3024,sg1,629,937,2698,2343
IMG_0849.JPG,4032,3024,sg1,726,727,3529,2659
IMG_0850.JPG,4032,3024,sg1,489,390,4020,2765
IMG_0851.JPG,4032,3024,sg1,845,777,2004,1634
IMG_0852.JPG,4032,3024,sg1,1826,927,2948,1765
IMG_0853.JPG,4032,3024,sg1,1139,652,3954,2615
IMG_0854.JPG,4032,3024,sg1,926,499,3092,2084
IMG_0855.JPG,4032,3024,sg1,542,968,3939,2921
IMG_0856.JPG,4032,3024,sg1,654,415,2526,1899
IMG_0857.JPG,4032,3024,sg1,1661,977,3339,2130
IMG_0858.JPG,4032,3024,sg1,1676,971,3117,1921
IMG_0859.JPG,4032,3024,sg1,1495,1343,2451,2034
IMG_0860.JPG,4032,3024,sg1,879,821,2248,1884
IMG_0861.JPG,4032,3024,sg1,1079,702,3417,2549
IMG_0862.JPG,4032,3024,sg1,704,727,2976,2390
IMG_0863.JPG,4032,3024,sg1,304,362,2536,2115
IMG_0864.JPG,4032,3024,sg1,717,1193,2554,2315
IMG_0865.JPG,4032,3024,sg1,1732,399,3595,1737
IMG_0866.JPG,4032,3024,sg1,1192,1221,1957,1762
IMG_0867.JPG,4032,3024,sg1,1539,1140,2217,1702
IMG_0868.JPG,4032,3024,sg1,1382,609,3336,1974
IMG_0869.JPG,4032,3024,sg1,1973,1402,3132,2196
IMG_0870.JPG,4032,3024,sg1,1939,1412,3398,2452
IMG_0871.JPG,4032,3024,sg1,1582,1212,3642,2437
IMG_0872.JPG,4032,3024,sg1,1939,999,3414,2059
IMG_0873.JPG,4032,3024,sg1,2129,980,3717,2155
IMG_0874.JPG,4032,3024,sg1,1782,890,3932,2371
IMG_0875.JPG,4032,3024,sg1,1898,377,4023,1746
IMG_0876.JPG,4032,3024,sg1,2257,1493,3679,2437
IMG_0877.JPG,4032,3024,sg1,1454,1202,3407,2530
IMG_0878.JPG,4032,3024,sg1,1079,318,4011,2609
IMG_0879.JPG,4032,3024,sg1,1026,584,3492,2284
IMG_0880.JPG,4032,3024,sg1,1148,949,2601,1965
IMG_0881.JPG,4032,3024,sg1,2532,1277,3557,1899
IMG_0882.JPG,4032,3024,sg1,1142,909,2907,2199
IMG_0883.JPG,4032,3024,sg1,1670,1062,2854,1809
IMG_0884.JPG,4032,3024,sg1,1023,1415,2751,2799
IMG_0885.JPG,4032,3024,sg1,514,1287,2864,2715
IMG_0886.JPG,4032,3024,sg1,2345,1149,3723,1943
IMG_0887.JPG,4032,3024,sg1,545,190,3076,1946
IMG_0888.JPG,4032,3024,sg1,1723,840,3882,2434
IMG_0889.JPG,4032,3024,sg1,1020,634,3504,2302
IMG_0890.JPG,4032,3024,sg1,1698,724,3951,2334
IMG_0891.JPG,4032,3024,sg1,1505,418,3621,2055
IMG_0892.JPG,4032,3024,sg1,1467,659,3882,2118
IMG_0893.JPG,4032,3024,sg1,1664,668,3957,2359
IMG_0894.JPG,4032,3024,sg1,2854,1465,3723,2224
IMG_0895.JPG,4032,3024,sg1,2136,1646,3007,2218
IMG_0896.JPG,4032,3024,sg1,2014,1009,3107,1837
IMG_0897.JPG,4032,3024,sg1,1745,1109,3479,2177
IMG_0898.JPG,4032,3024,sg1,2179,880,3648,2043
IMG_0899.JPG,4032,3024,sg1,1626,855,2832,1902
IMG_0900.JPG,4032,3024,sg1,1573,1243,2432,1993
IMG_0901.JPG,4032,3024,sg1,2292,1509,3279,2227
IMG_0902.JPG,4032,3024,sg1,1761,596,3698,2096
IMG_0903.JPG,4032,3024,sg1,2020,652,3836,1855
IMG_0904.JPG,4032,3024,sg1,1217,940,2748,2102
IMG_0905.JPG,4032,3024,sg1,1967,1643,3623,2799
IMG_0906.JPG,4032,3024,sg1,1339,1165,3170,2496
IMG_0907.JPG,4032,3024,sg1,1770,1180,3842,2740
IMG_0908.JPG,4032,3024,sg1,1504,712,3907,2621
IMG_0909.JPG,4032,3024,sg1,1398,568,3592,2071
IMG_0910.JPG,4032,3024,sg1,1526,1127,2801,2030
IMG_0911.JPG,4032,3024,sg1,1473,887,2982,1977
IMG_0912.JPG,4032,3024,sg1,1439,749,3514,2455
IMG_0913.JPG,4032,3024,sg1,1548,1180,2473,1868
IMG_0914.JPG,4032,3024,sg1,2345,1446,2895,1905
IMG_0915.JPG,4032,3024,sg1,1736,652,3173,1815
IMG_0916.JPG,4032,3024,sg1,1726,1424,2817,2312
IMG_1292.JPG,2976,1984,sg1,1784,802,1936,1004
IMG_1293.JPG,2976,1984,sg1,1724,785,1866,977
IMG_1294.JPG,2976,1984,sg1,1405,406,1778,908
IMG_1295.JPG,2976,1984,sg1,1430,544,1726,1029
IMG_1296.JPG,2976,1984,sg1,1343,135,2291,1252
IMG_1297.JPG,2976,1984,sg1,1407,229,2164,1258
IMG_1298.JPG,2976,1984,sg1,1703,331,2411,1366
IMG_1299.JPG,2976,1984,sg1,1457,512,1991,1344
IMG_1300.JPG,2976,1984,sg1,1547,283,2170,1194
IMG_1301.JPG,2976,1984,sg1,957,675,1453,1479
IMG_1302.JPG,2976,1984,sg1,1134,489,1718,1296
IMG_1303.JPG,2976,1984,sg1,1380,287,2166,1381
IMG_1304.JPG,2976,1984,sg1,1282,31,1928,1181
IMG_1305.JPG,2976,1984,sg1,1030,271,1657,1331
IMG_1306.JPG,2976,1984,sg1,1455,429,1768,921
IMG_1307.JPG,2976,1984,sg1,1332,431,1659,1002
IMG_1308.JPG,2976,1984,sg1,1220,346,1741,1181
IMG_1309.JPG,2976,1984,sg1,947,239,1853,896
IMG_1310.JPG,2976,1984,sg1,1149,248,2184,1056
IMG_1311.JPG,2976,1984,sg1,978,323,1872,1179
IMG_1312.JPG,2976,1984,sg1,1036,279,1814,1194
IMG_1313.JPG,2976,1984,sg1,1532,262,2280,1173
IMG_1314.JPG,2976,1984,sg1,1743,158,2478,1260
IMG_1315.JPG,2976,1984,sg1,1261,254,2222,1204
IMG_1316.JPG,2976,1984,sg1,1039,73,1722,1066
IMG_1317.JPG,2976,1984,sg1,916,148,1764,1337
IMG_1318.JPG,2976,1984,sg1,770,169,2276,1362
IMG_1319.JPG,2976,1984,sg1,1157,454,1847,1408
IMG_1320.JPG,2976,1984,sg1,1184,473,1834,1510
IMG_1321.JPG,2976,1984,sg1,1597,719,1778,1019
IMG_1322.JPG,2976,1984,sg1,1480,835,1807,1364
IMG_1323.JPG,2976,1984,sg1,1153,525,1659,1081
IMG_1324.JPG,2976,1984,sg1,1345,585,1851,1164
IMG_1325.JPG,2976,1984,sg1,1307,921,1680,1206
IMG_1326.JPG,2976,1984,sg1,1036,1129,1326,1552
IMG_1327.JPG,2976,1984,sg1,1370,737,1701,966
IMG_1328.JPG,2976,1984,sg1,1366,908,1661,1237
IMG_1329.JPG,2976,1984,sg1,1320,950,1599,1350
IMG_1330.JPG,2976,1984,sg1,1291,806,1653,1131
IMG_1331.JPG,2976,1984,sg1,1089,775,1357,1146
IMG_1332.JPG,2976,1984,sg1,834,352,1789,1504
IMG_1333.JPG,2976,1984,sg1,1189,519,1726,1258
IMG_1334.JPG,2976,1984,sg1,1253,650,1651,1283
IMG_1335.JPG,2976,1984,sg1,1320,539,1707,1185
IMG_1336.JPG,2976,1984,sg1,1328,421,1711,1121
IMG_1337.JPG,2976,1984,sg1,1174,644,1876,1310
IMG_1338.JPG,2976,1984,sg1,1074,560,1757,1250
IMG_1339.JPG,2976,1984,sg1,847,700,1914,1410
IMG_1340.JPG,2976,1984,sg1,1180,931,1401,1223
IMG_1341.JPG,2976,1984,sg1,1816,885,2411,1612
IMG_1342.JPG,2976,1984,sg1,57,1141,647,1775
IMG_1343.JPG,2976,1984,sg1,116,310,505,798
IMG_1344.JPG,2976,1984,sg1,149,1102,641,1841
IMG_1345.JPG,2976,1984,sg1,2343,1225,2830,1877
IMG_1346.JPG,2976,1984,sg1,9,1419,470,1979
IMG_1347.JPG,2976,1984,sg1,1355,1008,1634,1471
IMG_1348.JPG,2976,1984,sg1,757,1304,1126,1579
IMG_1349.JPG,2976,1984,sg1,611,919,884,1258
IMG_1350.JPG,2976,1984,sg1,618,902,920,1385
IMG_1351.JPG,2976,1984,sg1,1022,789,1289,1219
IMG_1352.JPG,2976,1984,sg1,143,1008,453,1408
IMG_1353.JPG,2976,1984,sg1,311,1310,705,1777
IMG_1354.JPG,2976,1984,sg1,1589,939,1718,1154
IMG_1355.JPG,2976,1984,sg1,178,212,549,594
IMG_1356.JPG,2976,1984,sg1,43,1210,393,1673
IMG_1357.JPG,2976,1984,sg1,130,1016,489,1521
IMG_1358.JPG,2976,1984,sg1,1824,902,2105,1225
IMG_1359.JPG,2976,1984,sg1,591,1266,905,1681
IMG_1360.JPG,2976,1984,sg1,16,1229,397,1681
IMG_1361.JPG,2976,1984,sg1,2639,1444,2878,1808
IMG_1362.JPG,2976,1984,sg1,297,646,503,900
IMG_1363.JPG,2976,1984,sg1,2026,831,2489,1431
IMG_1364.JPG,2976,1984,sg1,84,344,839,1314
IMG_1365.JPG,2976,1984,sg1,3,133,793,1335
IMG_1366.JPG,2976,1984,sg1,655,846,961,1289
IMG_1367.JPG,2976,1984,sg1,14,1060,382,1556
IMG_1368.JPG,2976,1984,sg1,2232,1194,2489,1508
IMG_1369.JPG,2976,1984,sg1,157,1198,430,1544
IMG_1370.JPG,2976,1984,sg1,1551,1460,1886,1941
IMG_1371.JPG,2976,1984,sg1,597,194,997,656
IMG_1372.JPG,2976,1984,sg1,3,98,489,658
IMG_1373.JPG,2976,1984,sg1,1682,100,2086,760
IMG_1374.JPG,2976,1984,sg1,303,508,999,1369
IMG_1375.JPG,2976,1984,sg1,1789,262,2870,1677
IMG_1376.JPG,2976,1984,sg1,457,414,1339,1623
IMG_1377.JPG,2976,1984,sg1,14,744,705,1729
IMG_1378.JPG,2976,1984,sg1,1928,748,2674,1660
IMG_1379.JPG,2976,1984,sg1,676,687,1001,1266
IMG_1380.JPG,2976,1984,sg1,1501,852,1732,1191
IMG_1381.JPG,2976,1984,sg1,751,1102,1095,1604
IMG_1382.JPG,2976,1984,sg1,2120,916,2536,1454
IMG_1383.JPG,2976,1984,sg1,326,1233,711,1762
IMG_1384.JPG,2976,1984,sg1,518,504,782,791
IMG_1385.JPG,2976,1984,sg1,968,508,1232,950
IMG_1386.JPG,2976,1984,sg1,336,854,680,1300
IMG_1387.JPG,2976,1984,sg1,568,1108,897,1583
IMG_1491.JPG,6000,4000,sg1,3023,1950,3368,2416
IMG_1492.JPG,6000,4000,sg1,2573,1958,3323,2942
IMG_1493.JPG,6000,4000,sg1,4870,3177,5334,3695
IMG_1494.JPG,6000,4000,sg1,218,3398,589,3859
IMG_1495.JPG,6000,4000,sg1,1152,848,1693,1695
IMG_1497.JPG,6000,4000,sg1,4244,304,5992,3999
IMG_1499.JPG,6000,4000,sg1,2569,350,5360,4000
IMG_1500.JPG,6000,4000,sg1,3998,2321,4752,3396
IMG_1501.JPG,6000,4000,sg1,5373,1812,5723,2404
IMG_1502.JPG,6000,4000,sg1,1410,1996,1756,2575
IMG_1503.JPG,6000,4000,sg1,702,571,1085,1221
IMG_1504.JPG,6000,4000,sg1,3437,2057,3496,2156
IMG_1505.JPG,6000,4000,sg1,3073,2004,3269,2321
IMG_1506.JPG,6000,4000,sg1,2685,1850,3394,2996
IMG_1507.JPG,6000,4000,sg1,2144,2112,2673,2942
IMG_1508.JPG,6000,4000,sg1,3400,2492,3467,2581
IMG_1509.JPG,6000,4000,sg1,339,3515,452,3674
IMG_1510.JPG,6000,4000,sg1,3735,1096,5656,3942
IMG_1511.JPG,6000,4000,sg1,2922,2096,3104,2200
IMG_1512.JPG,6000,4000,sg1,3223,1662,3698,1942
IMG_1513.JPG,6000,4000,sg1,4977,2929,5498,3592
IMG_1514.JPG,6000,4000,sg1,4185,2820,4457,3094
IMG_1515.JPG,6000,4000,sg1,3165,1979,3560,2633
IMG_1517.JPG,6000,4000,sg1,4605,3411,4741,3614
IMG_1518.JPG,6000,4000,sg1,306,3570,476,3789
IMG_1519.JPG,6000,4000,sg1,1180,3200,1334,3400
IMG_1521.JPG,6000,4000,sg1,2695,2109,2786,2216
IMG_1522.JPG,6000,4000,sg1,2428,2098,2530,2217
IMG_1524.JPG,6000,4000,sg1,4695,2942,4761,3027
IMG_1525.JPG,6000,4000,sg1,4002,3241,4081,3357
IMG_1526.JPG,6000,4000,sg1,2994,2258,3206,2562
IMG_1527.JPG,6000,4000,sg1,2973,2262,3185,2558
IMG_1529.JPG,6000,4000,sg1,410,2596,756,3117
IMG_1531.JPG,6000,4000,sg1,2744,2092,3085,2592
IMG_1532.JPG,6000,4000,sg1,4134,3461,4239,3602
IMG_1533.JPG,6000,4000,sg1,1106,2750,1377,3125
IMG_1534.JPG,6000,4000,sg1,3719,3025,4094,3558
IMG_1535.JPG,6000,4000,sg1,1598,1275,2123,2133
IMG_1536.JPG,6000,4000,sg1,1237,2422,1322,2572
IMG_1537.JPG,6000,4000,sg1,2981,1417,3523,2179
IMG_1538.JPG,6000,4000,sg1,1939,3175,2070,3359
IMG_1539.JPG,6000,4000,sg1,752,2400,1165,2975
IMG_1540.JPG,6000,4000,sg1,2560,1242,4027,2604
IMG_1541.JPG,6000,4000,sg1,3152,1871,3598,2617
IMG_1542.JPG,6000,4000,sg1,1290,2454,1723,2979
IMG_1545.JPG,6000,4000,sg1,4369,1146,4994,3000
IMG_1546.JPG,6000,4000,sg1,3240,1246,3844,2729
IMG_1547.JPG,6000,4000,sg1,5173,2246,5369,2762
IMG_1548.JPG,6000,4000,sg1,5102,2854,5177,3067
IMG_1550.JPG,6000,4000,sg1,3435,3350,3544,3483
IMG_1551.JPG,6000,4000,sg1,3127,1671,4185,3029
IMG_1552.JPG,6000,4000,sg1,1390,2742,1810,3354
IMG_1553.JPG,6000,4000,sg1,3090,1512,3477,2112
IMG_1554.JPG,6000,4000,sg1,3023,1729,3565,2562
IMG_1556.JPG,6000,4000,sg1,2735,900,3427,2000
IMG_1557.JPG,6000,4000,sg1,2865,1696,3631,2933
IMG_1559.JPG,6000,4000,sg1,2769,1029,4102,2967
IMG_1560.JPG,6000,4000,sg1,481,1325,1552,3037
IMG_1561.JPG,6000,4000,sg1,1998,1662,3569,3217
IMG_1562.JPG,6000,4000,sg1,1627,1171,3019,3054
IMG_1563.JPG,6000,4000,sg1,235,2717,1040,3608
IMG_1564.JPG,6000,4000,sg1,590,2142,1190,2908
IMG_1567.JPG,6000,4000,sg1,2340,1529,3315,2867
IMG_1568.JPG,6000,4000,sg1,4648,2371,5360,3321
IMG_1569.JPG,6000,4000,sg1,477,612,1181,1629
IMG_1570.JPG,6000,4000,sg1,2890,1971,3744,2512
IMG_1571.JPG,6000,4000,sg1,4356,2204,5044,3067
IMG_1572.JPG,6000,4000,sg1,3060,1675,3719,2708
IMG_1573.JPG,6000,4000,sg1,4769,3121,5015,3471
IMG_1576.JPG,6000,4000,sg1,669,2762,1015,3521
IMG_1577.JPG,6000,4000,sg1,423,3208,794,3817
IMG_1578.JPG,6000,4000,sg1,2515,662,4235,2812
IMG_1579.JPG,6000,4000,sg1,1518,2620,1795,2943
IMG_1580.JPG,6000,4000,sg1,1527,2632,1811,2952
IMG_1581.JPG,6000,4000,sg1,3300,2134,3559,2491
IMG_1582.JPG,6000,4000,sg1,1120,2911,1402,3300
IMG_1583.JPG,6000,4000,sg1,3831,3112,4119,3267
IMG_1584.JPG,6000,4000,sg1,4456,2054,5115,2575
IMG_1585.JPG,6000,4000,sg1,2260,2712,2631,2879
IMG_1588.JPG,6000,4000,sg1,2706,1908,3360,2583
IMG_1589.JPG,6000,4000,sg1,3848,1117,4677,2042
IMG_1591.JPG,6000,4000,sg1,3406,3071,3977,3779
IMG_1640.JPG,6000,4000,sg1,2781,1171,3956,2758
IMG_1641.JPG,6000,4000,sg1,2902,1021,4181,3054
IMG_1643.JPG,6000,4000,sg1,3448,921,4540,2754
IMG_1644.JPG,6000,4000,sg1,3273,942,4527,2762
IMG_1645.JPG,6000,4000,sg1,2748,1287,3448,2454
IMG_1646.JPG,6000,4000,sg1,660,1846,1656,3262
IMG_1647.JPG,6000,4000,sg1,2040,1079,2890,2287
IMG_1648.JPG,6000,4000,sg1,2294,408,4498,3983
IMG_1649.JPG,6000,4000,sg1,1248,1625,2423,3517
IMG_1650.JPG,6000,4000,sg1,1123,333,3119,3692
IMG_1651.JPG,6000,4000,sg1,2352,1829,2931,2646
IMG_1652.JPG,6000,4000,sg1,2385,1796,2856,2542
IMG_1653.JPG,6000,4000,sg1,985,1796,1523,2562
IMG_1654.JPG,6000,4000,sg1,3523,1387,3952,2067
IMG_1655.JPG,6000,4000,sg1,2873,1867,3448,2787
IMG_1657.JPG,6000,4000,sg1,2727,1383,3581,2696
IMG_1658.JPG,6000,4000,sg1,2669,1637,3627,2975
IMG_1659.JPG,6000,4000,sg1,4319,2162,5040,2996
IMG_1660.JPG,6000,4000,sg1,1348,2358,1806,2992
IMG_1662.JPG,6000,4000,sg1,1135,1087,1685,1812
IMG_1664.JPG,6000,4000,sg1,3035,1192,4010,2492
IMG_1665.JPG,6000,4000,sg1,2902,1521,3452,2300
IMG_1666.JPG,6000,4000,sg1,4123,1821,4802,2862
IMG_1667.JPG,6000,4000,sg1,2740,1229,3831,2967
IMG_1669.JPG,6000,4000,sg1,2069,1179,2973,2650
IMG_1670.JPG,6000,4000,sg1,3665,1512,4602,2879
IMG_1671.JPG,6000,4000,sg1,2406,1446,2852,2108
IMG_1673.JPG,6000,4000,sg1,2594,1296,3448,2542
IMG_1674.JPG,6000,4000,sg1,2415,1179,3352,2404
IMG_1675.JPG,6000,4000,sg1,2706,1033,3569,2667
IMG_1676.JPG,6000,4000,sg1,2102,2158,2740,2583
IMG_1677.JPG,6000,4000,sg1,3131,2558,5315,3742
IMG_1678.JPG,6000,4000,sg1,2773,1225,4060,3083
IMG_1679.JPG,6000,4000,sg1,2235,1079,3660,3646
IMG_1680.JPG,6000,4000,sg1,1873,925,4627,3075
IMG_1681.JPG,6000,4000,sg1,2731,1433,3910,3108
IMG_1682.JPG,6000,4000,sg1,2302,508,4623,3492
IMG_1683.JPG,6000,4000,sg1,2244,871,3923,3162
IMG_1684.JPG,6000,4000,sg1,2485,1233,3494,2704
IMG_1685.JPG,6000,4000,sg1,2602,1562,2948,2146
IMG_1686.JPG,6000,4000,sg1,2744,1546,3160,2258
IMG_1687.JPG,6000,4000,sg1,2781,1767,3256,2633
IMG_1688.JPG,6000,4000,sg1,2590,1587,3060,2350
IMG_1689.JPG,6000,4000,sg1,2610,1754,3294,2804
IMG_1690.JPG,6000,4000,sg1,3215,1337,4256,2983
IMG_1691.JPG,6000,4000,sg1,2910,1737,3777,3108
IMG_1692.JPG,6000,4000,sg1,2898,2825,3344,3542
IMG_1694.JPG,6000,4000,sg1,2610,1217,3848,2821
IMG_1695.JPG,6000,4000,sg1,2919,954,4135,2612
IMG_1696.JPG,6000,4000,sg1,2902,1904,3510,2758
IMG_1697.JPG,6000,4000,sg1,2790,1767,3540,2858
IMG_1698.JPG,6000,4000,sg1,1931,2717,2548,3587
IMG_1699.JPG,6000,4000,sg1,2473,1571,3123,2575
IMG_1700.JPG,6000,4000,sg1,2419,2325,3031,3371
IMG_1701.JPG,6000,4000,sg1,2519,2412,3202,3504
IMG_1702.JPG,6000,4000,sg1,2681,2212,3198,3183
IMG_1703.JPG,6000,4000,sg1,3069,1087,4415,2804
IMG_1704.JPG,6000,4000,sg1,2669,1462,3735,2983
IMG_1705.JPG,6000,4000,sg1,2573,1454,3594,2933
IMG_1706.JPG,6000,4000,sg1,2502,1329,3540,3087
IMG_1707.JPG,6000,4000,sg1,2460,917,3581,2575
IMG_1708.JPG,6000,4000,sg1,3131,975,3906,2329
IMG_1709.JPG,6000,4000,sg1,2265,967,3369,2771
IMG_1710.JPG,6000,4000,sg1,2094,1425,3515,3329
IMG_1711.JPG,6000,4000,sg1,640,1929,1365,2967
IMG_1712.JPG,6000,4000,sg1,2823,479,4831,2771
IMG_1713.JPG,6000,4000,sg1,3006,1192,4106,2537
IMG_1714.JPG,6000,4000,sg1,2723,883,3619,2421
IMG_1715.JPG,6000,4000,sg1,2615,775,3623,2512
IMG_1716.JPG,6000,4000,sg1,2727,992,3890,2608
IMG_1717.JPG,6000,4000,sg1,3019,1629,3694,2429
IMG_1718.JPG,6000,4000,sg1,2681,1837,3490,2600
IMG_1719.JPG,6000,4000,sg1,2969,1942,3477,2429
IMG_1720.JPG,6000,4000,sg1,3044,2104,3648,3108
IMG_1721.JPG,6000,4000,sg1,2881,1767,3410,2587
IMG_1722.JPG,6000,4000,sg1,3740,1625,5077,3229
IMG_1723.JPG,6000,4000,sg1,3419,571,4665,2071
IMG_1724.JPG,6000,4000,sg1,2794,858,3615,2042
IMG_1725.JPG,6000,4000,sg1,2706,1308,3731,2700
IMG_1726.JPG,6000,4000,sg1,2027,904,3594,3092
IMG_1727.JPG,6000,4000,sg1,2419,721,5123,3546
IMG_1728.JPG,6000,4000,sg1,2910,1925,3340,2383
IMG_1729.JPG,6000,4000,sg1,2573,2096,3023,2783
IMG_1730.JPG,6000,4000,sg1,2456,2054,2960,2821
IMG_1731.JPG,6000,4000,sg1,2785,1692,3402,2412
IMG_1732.JPG,6000,4000,sg1,2469,879,3802,3033
IMG_1733.JPG,6000,4000,sg1,2210,1158,3627,3254
IMG_1734.JPG,6000,4000,sg1,3198,1654,3760,2396
IMG_1735.JPG,6000,4000,sg1,3302,1971,3677,2492
IMG_1736.JPG,6000,4000,sg1,2910,1658,3440,2408
IMG_1737.JPG,6000,4000,sg1,2260,1358,2894,2300
IMG_1738.JPG,6000,4000,sg1,2602,517,3906,2450
IMG_1739.JPG,6000,4000,sg1,2819,1200,3656,2242
IMG_1740.JPG,6000,4000,sg1,2669,1612,3240,2192
IMG_1741.JPG,6000,4000,sg1,2727,471,3998,2062
IMG_1742.JPG,6000,4000,sg1,3119,1812,3623,2533
IMG_1743.JPG,6000,4000,sg1,4506,1837,4981,2479
IMG_1744.JPG,6000,4000,sg1,2777,1400,3602,2617
IMG_1745.JPG,6000,4000,sg1,3019,1725,3602,2229
IMG_1746.JPG,6000,4000,sg1,2352,2021,2856,2537
IMG_1747.JPG,6000,4000,sg1,2544,1292,3431,2392
IMG_1748.JPG,6000,4000,sg1,3960,1600,5473,3304
IMG_1749.JPG,6000,4000,sg1,669,1512,2044,3042
IMG_1750.JPG,6000,4000,sg1,2652,1133,3110,1650
IMG_1751.JPG,6000,4000,sg1,3169,1729,3756,2683
IMG_1752.JPG,6000,4000,sg1,2765,1521,3448,2633
IMG_1753.JPG,6000,4000,sg1,2498,1425,3552,3175
IMG_1754.JPG,6000,4000,sg1,2260,1087,3431,2529
IMG_1755.JPG,6000,4000,sg1,52,1721,1310,3142
IMG_1756.JPG,6000,4000,sg1,2548,1233,4198,3783
IMG_1757.JPG,6000,4000,sg1,2527,1575,3610,3267
IMG_1758.JPG,6000,4000,sg1,2615,1775,3585,3050
IMG_1759.JPG,6000,4000,sg1,3260,1904,3856,2829
IMG_1760.JPG,6000,4000,sg1,1969,1846,2656,2900
IMG_1761.JPG,6000,4000,sg1,2060,1175,3877,3879
IMG_1762.JPG,6000,4000,sg1,2127,1192,3677,3850
IMG_1763.JPG,6000,4000,sg1,2169,1237,3760,3825
IMG_1764.JPG,6000,4000,sg1,1981,1350,3690,3792
IMG_1765.JPG,6000,4000,sg1,2194,1225,3735,3821
IMG_1766.JPG,6000,4000,sg1,2194,1225,3752,3850
IMG_1767.JPG,6000,4000,sg1,2606,1558,3715,3312
IMG_1768.JPG,6000,4000,sg1,2527,1712,3527,3133
IMG_1769.JPG,6000,4000,sg1,2644,1771,3448,3021
IMG_1770.JPG,6000,4000,sg1,2773,1871,3519,2879
IMG_1771.JPG,6000,4000,sg1,2956,1933,3519,2800
IMG_1772.JPG,6000,4000,sg1,3194,1996,3656,2704
IMG_1773.JPG,6000,4000,sg1,3248,2033,3665,2658
IMG_1774.JPG,6000,4000,sg1,2848,2042,3219,2617
IMG_1775.JPG,6000,4000,sg1,3219,2058,3598,2612
IMG_1776.JPG,6000,4000,sg1,3485,2087,3844,2583
IMG_1777.JPG,6000,4000,sg1,3019,1625,3327,2112
IMG_1778.JPG,6000,4000,sg1,3160,1700,3423,2129
IMG_1779.JPG,6000,4000,sg1,3315,1437,3594,1850
IMG_1780.JPG,6000,4000,sg1,3194,833,4652,3025
IMG_1781.JPG,6000,4000,sg1,2760,571,4765,3729
IMG_1782.JPG,6000,4000,sg1,2773,1558,3994,3329
IMG_1783.JPG,6000,4000,sg1,2990,1842,3602,2771
IMG_1784.JPG,6000,4000,sg1,2610,1908,3035,2575
IMG_1785.JPG,6000,4000,sg1,2735,1583,3294,2517
IMG_1786.JPG,6000,4000,sg1,2565,1383,3844,3162
IMG_1787.JPG,6000,4000,sg1,2635,1379,3756,3208
IMG_1788.JPG,6000,4000,sg1,2690,1400,3848,3200
IMG_1789.JPG,6000,4000,sg1,2702,1392,3827,3204
IMG_1790.JPG,6000,4000,sg1,2269,1546,3273,2979
IMG_1791.JPG,6000,4000,sg1,3052,1492,4069,3025
IMG_1792.JPG,6000,4000,sg1,4023,1512,5106,3079
IMG_1793.JPG,6000,4000,sg1,3056,1675,3777,2833
IMG_1794.JPG,6000,4000,sg1,2248,1725,2935,2762
IMG_1796.JPG,6000,4000,sg1,2952,1883,3573,2837
IMG_1797.JPG,6000,4000,sg1,2881,1475,3340,2425
IMG_1798.JPG,6000,4000,sg1,2910,1396,3565,2571
IMG_1799.JPG,6000,4000,sg1,3498,1929,3873,2625
IMG_1800.JPG,6000,4000,sg1,3327,987,3823,1729
IMG_1801.JPG,6000,4000,sg1,3802,2179,4256,2783
IMG_1802.JPG,6000,4000,sg1,3240,504,4673,2358
IMG_1803.JPG,6000,4000,sg1,2752,1167,3285,1879
IMG_1804.JPG,6000,4000,sg1,2252,1300,3506,3167
IMG_1805.JPG,6000,4000,sg1,3135,1742,3898,2883
IMG_1806.JPG,6000,4000,sg1,2973,833,5048,3954
IMG_1807.JPG,6000,4000,sg1,2965,1567,3827,2825
IMG_1808.JPG,6000,4000,sg1,3077,1087,3881,2112
IMG_1809.JPG,6000,4000,sg1,2835,1825,3144,2246
IMG_1810.JPG,6000,4000,sg1,2777,917,3556,1996
IMG_1811.JPG,6000,4000,sg1,3285,1025,4810,3162
IMG_1812.JPG,6000,4000,sg1,3606,2196,4235,3071
IMG_1813.JPG,6000,4000,sg1,2894,804,3631,1829
IMG_1814.JPG,6000,4000,sg1,3156,1721,3860,2712
IMG_1815.JPG,6000,4000,sg1,3002,1283,3865,2571
IMG_1816.JPG,6000,4000,sg1,2973,1396,4252,3354
IMG_1817.JPG,6000,4000,sg1,3131,1992,4090,3404
IMG_1818.JPG,6000,4000,sg1,2102,375,4523,3708
IMG_1819.JPG,6000,4000,sg1,2227,1500,3481,3387
IMG_1820.JPG,6000,4000,sg1,2952,775,4598,2979
IMG_1821.JPG,6000,4000,sg1,3019,1650,4123,2958
IMG_1822.JPG,6000,4000,sg1,2631,1904,3402,2867
IMG_1823.JPG,6000,4000,sg1,2323,1862,2852,2633
IMG_1824.JPG,6000,4000,sg1,2165,1037,3648,3058
IMG_1825.JPG,6000,4000,sg1,2548,1158,4273,3479
IMG_1826.JPG,6000,4000,sg1,2777,762,4252,3042
IMG_1827.JPG,6000,4000,sg1,3481,1858,4260,3158
IMG_1828.JPG,6000,4000,sg1,2760,2042,3056,2454
IMG_1829.JPG,6000,4000,sg1,2827,1825,3185,2308
IMG_1830.JPG,6000,4000,sg1,2660,1525,3444,2750
IMG_1831.JPG,6000,4000,sg1,3127,1654,3898,2783
IMG_1832.JPG,6000,4000,sg1,3898,1825,4773,2996
IMG_1833.JPG,6000,4000,sg1,3244,1683,3669,2871
IMG_1834.JPG,6000,4000,sg1,3023,1933,3610,2958
IMG_1835.JPG,6000,4000,sg1,2915,850,4369,2408
IMG_1836.JPG,6000,4000,sg1,2898,1929,3644,2950
IMG_1837.JPG,6000,4000,sg1,1540,2037,2285,3042
IMG_1838.JPG,6000,4000,sg1,4556,2321,5360,3425
IMG_1839.JPG,6000,4000,sg1,2819,1787,3602,2837
IMG_1840.JPG,6000,4000,sg1,3302,1821,3585,2212
IMG_1841.JPG,6000,4000,sg1,2856,1900,3094,2221
IMG_1842.JPG,6000,4000,sg1,2977,1479,3223,1833
IMG_1843.JPG,6000,4000,sg1,3369,1737,3606,2175
IMG_1844.JPG,6000,4000,sg1,2831,1379,3219,2004
IMG_1845.JPG,6000,4000,sg1,3290,1592,4044,2600
IMG_1846.JPG,6000,4000,sg1,3019,1592,3335,1971
IMG_1847.JPG,6000,4000,sg1,2990,1850,3448,2467
IMG_1848.JPG,6000,4000,sg1,2952,1483,3494,2242
IMG_1849.JPG,6000,4000,sg1,2390,2017,2973,2962
IMG_1850.JPG,6000,4000,sg1,2694,1742,2977,2154
IMG_1851.JPG,6000,4000,sg1,3102,1396,3710,2258
IMG_1852.JPG,6000,4000,sg1,2969,1887,3135,2112
IMG_1853.JPG,6000,4000,sg1,3202,1662,3619,2225
IMG_1854.JPG,6000,4000,sg1,1827,1275,3644,3375
IMG_1855.JPG,6000,4000,sg1,2381,1275,3423,2942
IMG_1856.JPG,6000,4000,sg1,2948,2346,4273,3979
IMG_1857.JPG,6000,4000,sg1,2506,379,4469,3417
IMG_1858.JPG,6000,4000,sg1,2848,1796,3515,2825
IMG_1859.JPG,6000,4000,sg1,4152,1742,4423,2104
IMG_1860.JPG,6000,4000,sg1,3227,1604,3456,1921
IMG_1861.JPG,6000,4000,sg1,3202,1875,3415,2200
IMG_1862.JPG,6000,4000,sg1,1194,3129,1427,3442
IMG_1863.JPG,6000,4000,sg1,3102,608,5465,3717
IMG_1864.JPG,6000,4000,sg1,2819,1737,3519,2787
IMG_1865.JPG,6000,4000,sg1,2769,1617,3569,2862
IMG_1866.JPG,6000,4000,sg1,2840,1662,3610,2708
IMG_1867.JPG,6000,4000,sg1,3210,1196,4327,2896
IMG_1868.JPG,6000,4000,sg1,3048,1471,3456,2033
IMG_1869.JPG,6000,4000,sg1,3640,1062,4052,1671
IMG_1870.JPG,6000,4000,sg1,2723,808,3044,1312
IMG_1871.JPG,6000,4000,sg1,648,1121,1035,1583
IMG_1872.JPG,6000,4000,sg1,2819,1504,3598,2612
IMG_1873.JPG,6000,4000,sg1,2435,1325,3594,2929
IMG_1874.JPG,6000,4000,sg1,2165,1333,3765,3617
IMG_1875.JPG,6000,4000,sg1,2256,1329,3623,3637
IMG_1876.JPG,6000,4000,sg1,2244,1333,3640,3600
IMG_1877.JPG,6000,4000,sg1,2115,1437,3569,3583
IMG_1878.JPG,6000,4000,sg1,2181,1408,3494,3554
IMG_1879.JPG,6000,4000,sg1,2377,1462,3748,3487
IMG_1880.JPG,6000,4000,sg1,2481,1475,3656,3383
IMG_1881.JPG,6000,4000,sg1,2623,1567,3723,3292
IMG_1882.JPG,6000,4000,sg1,2440,1654,3585,3212
IMG_1883.JPG,6000,4000,sg1,2577,1662,3544,3146
IMG_1884.JPG,6000,4000,sg1,2590,1746,3435,3017
IMG_1885.JPG,6000,4000,sg1,1173,1775,2027,2996
IMG_1886.JPG,6000,4000,sg1,3698,1729,4665,3033
IMG_1887.JPG,6000,4000,sg1,3031,1029,4235,2929
IMG_1888.JPG,6000,4000,sg1,2398,1367,3190,2396
IMG_1889.JPG,6000,4000,sg1,3944,337,5456,2512
IMG_1890.JPG,6000,4000,sg1,2394,1233,3706,3262
IMG_1891.JPG,6000,4000,sg1,2560,1437,3206,2242
IMG_1892.JPG,6000,4000,sg1,3023,1617,3952,3171
IMG_1893.JPG,6000,4000,sg1,3148,979,4177,2596
IMG_1894.JPG,6000,4000,sg1,2294,1304,3552,3550
IMG_1895.JPG,6000,4000,sg1,2644,1175,3598,2504
IMG_1896.JPG,6000,4000,sg1,2281,1621,2965,2575
IMG_1897.JPG,6000,4000,sg1,3198,1762,3510,2279
IMG_1898.JPG,6000,4000,sg1,1906,2079,2156,2442
IMG_1899.JPG,6000,4000,sg1,2627,1571,3335,2600
IMG_1900.JPG,6000,4000,sg1,2752,1875,3173,2471
IMG_1901.JPG,6000,4000,sg1,2581,1583,3277,2729
IMG_1902.JPG,6000,4000,sg1,2573,1375,3481,2625
IMG_1903.JPG,6000,4000,sg1,2535,1508,3481,2625
IMG_1904.JPG,6000,4000,sg1,2777,1387,3465,2354
IMG_1905.JPG,6000,4000,sg1,3169,1229,3956,2554
IMG_1906.JPG,6000,4000,sg1,2948,1567,3944,3046
IMG_1908.JPG,6000,4000,sg1,2069,1962,3465,3775
IMG_1909.JPG,6000,4000,sg1,3315,2817,3740,3429
IMG_1910.JPG,6000,4000,sg1,2244,2987,2669,3654
IMG_1911.JPG,6000,4000,sg1,2385,1304,3377,2829
IMG_1912.JPG,6000,4000,sg1,4081,3150,4415,3533
IMG_1913.JPG,6000,4000,sg1,2798,2283,3140,2746
IMG_1914.JPG,6000,4000,sg1,3160,2271,3485,2771
IMG_1915.JPG,6000,4000,sg1,2635,1946,3344,3146
IMG_1916.JPG,6000,4000,sg1,2560,1379,3940,3525
IMG_1917.JPG,6000,4000,sg1,3835,1142,4385,1892
IMG_1918.JPG,6000,4000,sg1,2906,2904,3152,3262
IMG_1919.JPG,6000,4000,sg1,2277,1479,3719,3575
IMG_1920.JPG,6000,4000,sg1,1923,1896,3144,3958
IMG_1921.JPG,6000,4000,sg1,2398,1683,3985,3912
IMG_1922.JPG,6000,4000,sg1,2665,1404,3865,2771
IMG_1923.JPG,6000,4000,sg1,2310,1075,3252,2362
IMG_1924.JPG,6000,4000,sg1,2773,1833,3598,2479
IMG_1925.JPG,6000,4000,sg1,1627,1350,3390,3471
IMG_1926.JPG,6000,4000,sg1,2702,1667,3444,2429
IMG_1927.JPG,6000,4000,sg1,1827,1387,3598,3037
IMG_1928.JPG,6000,4000,sg1,2823,1408,3410,2475
IMG_1929.JPG,6000,4000,sg1,2494,1496,3469,2937
IMG_1930.JPG,6000,4000,sg1,3144,1787,3535,2329
IMG_1931.JPG,6000,4000,sg1,3194,1917,3360,2112
IMG_1932.JPG,6000,4000,sg1,2977,2004,3144,2267
IMG_1933.JPG,6000,4000,sg1,3156,1137,3990,2342
IMG_1934.JPG,6000,4000,sg1,2935,1771,3235,2254
IMG_1935.JPG,6000,4000,sg1,3140,1637,3469,2237
IMG_1936.JPG,6000,4000,sg1,3323,1850,3477,2071
IMG_1937.JPG,6000,4000,sg1,2977,904,4198,2787
IMG_1938.JPG,6000,4000,sg1,2977,1154,4290,3175
IMG_1939.JPG,6000,4000,sg1,2790,1375,3773,3025
IMG_1940.JPG,6000,4000,sg1,2890,867,4810,3746
IMG_1941.JPG,6000,4000,sg1,2844,1296,3635,2667
IMG_1942.JPG,6000,4000,sg1,2990,1475,3710,2504
IMG_1943.JPG,6000,4000,sg1,3135,1158,4052,2350
IMG_1944.JPG,6000,4000,sg1,2956,1621,3665,2508
IMG_1945.JPG,6000,4000,sg1,2535,1508,3215,2579
IMG_1946.JPG,6000,4000,sg1,2444,1483,3327,2150
IMG_1947.JPG,6000,4000,sg1,3210,2021,3581,2508
IMG_1948.JPG,6000,4000,sg1,2719,1833,3065,2321
IMG_1949.JPG,6000,4000,sg1,2927,1508,3540,2346
IMG_1950.JPG,6000,4000,sg1,2410,1762,3219,2883
IMG_1951.JPG,6000,4000,sg1,3048,1796,3256,2050
IMG_1952.JPG,6000,4000,sg1,3265,2733,3448,3021
IMG_20190617_134753.jpg,4000,2250,sg1,1396,457,2150,1225
IMG_20190617_134837.jpg,4000,2250,sg1,1936,679,2593,1136
IMG_20190617_134850.jpg,4000,2250,sg1,1104,1276,1655,2022
IMG_20190617_134917.jpg,4000,2250,sg1,1979,833,2620,1200
IMG_20190617_135005.jpg,4000,2250,sg1,1558,868,2028,1365
IMG_20190617_135022.jpg,4000,2250,sg1,1452,503,2788,1457
IMG_20190617_135103.jpg,4000,2250,sg1,2058,384,2931,911
IMG_20190617_135120.jpg,4000,2250,sg1,2012,90,3006,919
IMG_20190617_135157.jpg,4000,2250,sg1,1520,806,2477,1211
IMG_20190617_135217.jpg,4000,2250,sg1,1974,6,3671,957
IMG_20190617_135249.jpg,4000,2250,sg1,1263,960,2839,1798
IMG_20190617_135308.jpg,4000,2250,sg1,1563,744,2850,1309
IMG_20190617_135323.jpg,4000,2250,sg1,1960,295,3382,1090
IMG_20190617_135339.jpg,4000,2250,sg1,1788,3,3450,855
IMG_20190617_135359.jpg,4000,2250,sg1,1225,1257,3093,2250
IMG_20190617_135729.jpg,4608,3456,sg1,3456,1780,3833,2253
IMG_20190617_135735.jpg,4608,3456,sg1,3333,985,3652,1357
IMG_20190617_135739.jpg,3456,4608,sg1,1190,1316,1700,1955
IMG_20190617_135743.jpg,3456,4608,sg1,1554,2295,2295,3142
IMG_20190617_135747.jpg,3456,4608,sg1,612,806,1548,2171
IMG_20190617_135753.jpg,4000,2250,sg1,860,441,2317,1430
IMG_20190617_135803.jpg,4000,2250,sg1,1155,406,2515,1376
IMG_20190617_135811.jpg,4608,3456,sg1,2610,2573,2788,2857
IMG_20190617_135818.jpg,3456,4608,sg1,1506,2246,1780,2625
IMG_20190617_135827.jpg,3456,4608,sg1,1454,1977,1948,2695
IMG_20190617_135840.jpg,3456,4608,sg1,1761,1747,1958,2066
IMG_20190617_135852.jpg,3456,4608,sg1,1574,2301,2164,3208
IMG_20190617_140127.jpg,3456,4608,sg1,2302,1876,2623,2363
IMG_20190617_140133.jpg,3456,4608,sg1,1850,956,2410,1718
IMG_20190617_140143.jpg,3456,4608,sg1,1748,1953,2536,3201
IMG_20190617_140150.jpg,3456,4608,sg1,1538,2325,2332,2916
IMG_20190617_140156.jpg,3456,4608,sg1,977,1914,1721,2876
IMG_20190617_140207.jpg,3456,4608,sg1,1783,1530,2177,2206
IMG_20190617_140215.jpg,3456,4608,sg1,1606,1271,2330,2448
IMG_20190617_140221.jpg,3456,4608,sg1,1618,1695,2206,2530
IMG_20190617_140225.jpg,3456,4608,sg1,1940,2148,2613,3158
IMG_20190617_140232.jpg,3456,4608,sg1,1728,1642,2198,2312
IMG_20190617_140240.jpg,3456,4608,sg1,2145,1984,2570,2659
IMG_20190617_140242.jpg,3456,4608,sg1,1202,2983,1637,3602
IMG_20190617_140248.jpg,3456,4608,sg1,1919,2495,2215,3003
IMG_20190617_140250.jpg,3456,4608,sg1,1367,1880,2104,2885
IMG_20190617_140258.jpg,3456,4608,sg1,1575,2648,2067,3377
IMG_20190617_140301.jpg,3456,4608,sg1,872,2985,1602,3672
IMG_20190617_140449.jpg,3456,4608,sg1,398,2818,979,3514
IMG_20190617_140458.jpg,3456,4608,sg1,2085,1166,2457,1839
IMG_20190617_140503.jpg,4608,3456,sg1,1973,1598,2338,2150
IMG_20190617_140508.jpg,4608,3456,sg1,1877,1288,2317,1917
IMG_20190617_140512.jpg,4608,3456,sg1,2155,1297,2464,1832
IMG_20190617_140537.jpg,3456,4608,sg1,837,621,1267,1304
IMG_20190617_140553.jpg,3456,4608,sg1,1429,2404,2034,3256
IMG_20190617_140929.jpg,3456,4608,sg1,794,1129,1148,1648
IMG_20190617_140935.jpg,3456,4608,sg1,1606,1806,2454,3201
IMG_20190617_140950.jpg,3456,4608,sg1,2111,2858,2312,3170
IMG_20190617_141016.jpg,3456,4608,sg1,1698,2076,2117,2635
IMG_20190617_141025.jpg,3456,4608,sg1,1706,2841,1931,3176
IMG_20190617_141036.jpg,3456,4608,sg1,2078,1707,2296,2070
IMG_20190617_141040.jpg,4608,3456,sg1,3075,2201,3302,2551
IMG_20190617_141113.jpg,4608,3456,sg1,1365,1083,1798,1517
IMG_20190617_141139.jpg,4608,3456,sg1,2800,1663,3893,2282
IMG_20190617_141159.jpg,3456,4608,sg1,1808,1276,2197,1885
IMG_20190617_141208.jpg,4608,3456,sg1,1986,1734,2259,2086
IMG_20190617_141222.jpg,3456,4608,sg1,1246,2785,1631,3225
IMG_20190617_141247.jpg,3456,4608,sg1,2026,2634,2408,3176
IMG_20190617_141259.jpg,3456,4608,sg1,2660,1778,3018,2263
IMG_20190617_141318.jpg,3456,4608,sg1,2481,2406,2857,2909
IMG_20190617_141333.jpg,3456,4608,sg1,2157,3143,2435,3536
IMG_20190617_141341.jpg,3456,4608,sg1,936,1118,1601,2101
IMG_20190617_141354.jpg,3456,4608,sg1,1706,295,3265,2183
IMG_20190617_141400.jpg,3456,4608,sg1,877,1201,2742,3171
IMG_20190617_141404.jpg,3456,4608,sg1,606,1348,2406,3059
IMG_20190617_141411.jpg,3456,4608,sg1,1059,1753,2612,3530
IMG_20190617_141629.jpg,3456,4608,sg1,1642,2224,1954,2677
IMG_20190617_141637.jpg,4608,3456,sg1,1865,1285,2929,2716
IMG_20190617_141642.jpg,4608,3456,sg1,1247,1571,2293,2944
IMG_20190617_141652.jpg,4608,3456,sg1,824,1094,2283,2639
IMG_20190617_141754.jpg,3456,4608,sg1,1784,2285,2160,2561
IMG_20190617_141759.jpg,4000,2250,sg1,1185,598,2339,1490
IMG_20190617_141802.jpg,3456,4608,sg1,1200,2297,1386,2542
IMG_20190617_141815.jpg,4000,2250,sg1,1582,633,2436,1244
IMG_20190617_141826.jpg,4000,2250,sg1,1955,849,2555,1436
IMG_20190617_141922.jpg,4000,2250,sg1,1377,844,2571,1744
IMG_20190617_141927.jpg,4000,2250,sg1,1379,857,2082,1690
IMG_20190617_141932.jpg,4000,2250,sg1,1755,525,3077,1771
IMG_20190617_141939.jpg,4000,2250,sg1,896,949,2174,1892
IMG_20190617_142036.jpg,4000,2250,sg1,1782,1317,2409,1911
IMG_20190617_142044.jpg,4000,2250,sg1,1612,1376,2312,2017
IMG_20190617_142057.jpg,4000,2250,sg1,1755,1584,2357,2250
IMG_20190617_142126.jpg,4000,2250,sg1,1525,1255,2228,1928
IMG_20190617_142155.jpg,4000,2250,sg1,2323,1233,2796,1660
IMG_20190617_142208.jpg,4000,2250,sg1,2160,1017,2806,1541
IMG_20190617_142255.jpg,4000,2250,sg1,2152,946,3355,1344
IMG_20190617_142307.jpg,4000,2250,sg1,1269,671,1985,1173
IMG_20190617_142320.jpg,4000,2250,sg1,1177,884,1823,1306
IMG_20190617_142345.jpg,4000,2250,sg1,2366,630,2925,1052
IMG_20190617_142407.jpg,4000,2250,sg1,1944,390,2631,679
IMG_20190617_142453.jpg,4000,2250,sg1,1828,328,2593,784
IMG_20190617_142716.jpg,4000,2250,sg1,839,192,2177,1584
IMG_20190617_142738.jpg,4000,2250,sg1,1077,873,2442,1746
IMG_20190617_142754.jpg,4000,2250,sg1,1282,1141,2658,2025
IMG_20190617_142900.jpg,4000,2250,sg1,1123,346,1990,1657
IMG_20190617_142911.jpg,4000,2250,sg1,1447,387,2393,1949
IMG_20190617_142918.jpg,4000,2250,sg1,1752,379,2788,1844
IMG_20190617_142930.jpg,4000,2250,sg1,1398,284,2350,1717
IMG_20190617_143048.jpg,4000,2250,sg1,936,3,2725,922
IMG_20190617_143058.jpg,4000,2250,sg1,625,171,1593,1763
IMG_20190617_143121.jpg,4000,2250,sg1,579,909,1593,1971
IMG_20190617_143145.jpg,4000,2250,sg1,569,657,2160,1817
IMG_20190617_143159.jpg,4000,2250,sg1,1136,1071,2763,2203
IMG_20190617_143204.jpg,4000,2250,sg1,944,609,2523,1773
IMG_20190617_143215.jpg,4000,2250,sg1,1133,846,2720,1903
IMG_20190617_143249.jpg,4000,2250,sg1,1479,492,3074,1528
IMG_20190617_143303.jpg,4000,2250,sg1,1920,563,3901,2163
IMG_20190617_143321.jpg,4000,2250,sg1,566,582,1806,1598
IMG_20190617_143412.jpg,4000,2250,sg1,1409,690,2901,1717
IMG_20190617_143430.jpg,4000,2250,sg1,1236,671,2177,1265
IMG_20190617_143459.jpg,4000,2250,sg1,1082,511,2490,1833
IMG_20190617_143609.jpg,4000,2250,sg1,2801,1171,3996,2250
IMG_20190617_143645.jpg,4000,2250,sg1,1798,673,3239,2098
IMG_20190617_143717.jpg,4000,2250,sg1,1704,679,2904,1506
IMG_20190617_143725.jpg,4000,2250,sg1,1169,14,2506,882
IMG_20190617_143732.jpg,4000,2250,sg1,1223,314,2285,1060
IMG_20190617_143755.jpg,4000,2250,sg1,896,1290,1901,2057
IMG_20190617_143836.jpg,4000,2250,sg1,1263,3,3004,1195
IMG_20190617_143849.jpg,4000,2250,sg1,2306,579,2682,876
IMG_20190617_144928.jpg,4000,2250,sg1,998,130,3517,1817
IMG_20190617_144935.jpg,4000,2250,sg1,898,176,3366,2250
IMG_20190617_145000.jpg,4000,2250,sg1,2366,568,4000,1773
IMG_20190617_145008.jpg,4000,2250,sg1,2279,933,4000,2248
IMG_20190617_145023.jpg,4000,2250,sg1,2347,1065,3991,2250
IMG_20190617_145107.jpg,4000,2250,sg1,2539,971,4000,2246
IMG_20190617_145116.jpg,4000,2250,sg1,2171,490,4000,1789
IMG_20190617_145203.jpg,4000,2250,sg1,2688,1119,3997,2250
IMG_20190617_145212.jpg,4000,2250,sg1,2750,1165,4000,2249
IMG_20190617_145237.jpg,4000,2250,sg1,1466,1073,4000,2249
IMG_20190617_145251.jpg,4000,2250,sg1,1604,1044,3998,2250
IMG_20190617_145310.jpg,4000,2250,sg1,444,438,2031,2250
IMG_20190617_145506.jpg,4000,2250,sg1,1074,1319,2181,2250
IMG_20190617_145610.jpg,8000,6000,sg1,4121,2449,5365,3462
IMG_20190617_145627.jpg,8000,6000,sg1,2846,1931,5240,3674
IMG_20190617_145631.jpg,8000,6000,sg1,3465,2474,6378,4218
IMG_20190617_145650.jpg,8000,6000,sg1,3771,2699,7290,4799
IMG_20190617_145707.jpg,8000,6000,sg1,3403,2374,6921,4381
IMG_20190617_145727.jpg,8000,6000,sg1,4284,1387,7771,3856
IMG_20190617_145741.jpg,8000,6000,sg1,5159,1181,8000,3560
IMG_20190617_145801.jpg,8000,6000,sg1,5703,1993,8000,4133
IMG_20190617_145814.jpg,4000,2250,sg1,2050,657,3312,1706
IMG_20190617_145821.jpg,4000,2250,sg1,2125,511,3236,1392
IMG_20190617_145833.jpg,4000,2250,sg1,966,3,3293,1930
IMG_20190617_145844.jpg,4000,2250,sg1,112,3,2731,2117
IMG_20190617_145856.jpg,4000,2250,sg1,312,571,2793,2090
IMG_20190617_145907.jpg,4000,2250,sg1,1131,463,2863,1706
IMG_20190617_145921.jpg,4000,2250,sg1,1312,436,2839,1579
IMG_20190617_145951.jpg,4000,2250,sg1,1663,179,3460,1538
IMG_20190617_150230.jpg,4000,2250,sg1,3020,1403,3682,1830
IMG_20190617_150503.jpg,4000,2250,sg1,1917,1668,2850,2246
IMG_20190617_150743.jpg,4000,2250,sg1,2206,752,3674,1625
IMG_20190618_175350.jpg,4000,2250,sg1,87,1,1620,1909
IMG_20190618_175400.jpg,4000,2250,sg1,1525,222,2455,1646
IMG_20190618_175506.jpg,4000,2250,sg1,1525,230,2774,2087
IMG_20190618_175523.jpg,4000,2250,sg1,874,557,2447,1641
IMG_20190618_175542.jpg,4000,2250,sg1,2282,995,3012,1476
IMG_20190618_175556.jpg,4000,2250,sg1,1779,849,2971,1706
IMG_20190618_175637.jpg,4000,2250,sg1,1950,471,2247,892
IMG_20190618_175657.jpg,4000,2250,sg1,1493,536,2215,1452
IMG_20190618_175757.jpg,4000,2250,sg1,515,276,2374,1811
IMG_20190618_192346.jpg,4000,2250,sg1,1147,41,3006,1230
IMG_20190618_192357.jpg,4000,2250,sg1,2417,841,3336,1584
IMG_20190618_192400.jpg,4000,2250,sg1,2585,703,3431,1276
IMG_20190618_192415.jpg,4000,2250,sg1,2260,1133,3269,1844
IMG_20190618_192418.jpg,4000,2250,sg1,2625,992,3439,1633
IMG_20190618_192427.jpg,4000,2250,sg1,1755,914,2733,1573
IMG_20190618_194852.jpg,4000,2250,sg1,1333,663,2974,1803
IMG_20190618_194859.jpg,4000,2250,sg1,985,471,2447,1538
IMG_20190618_194904.jpg,4000,2250,sg1,2009,873,3247,1806
IMG_20190618_195920.jpg,4608,2592,sg1,2224,299,4608,1674
IMG_20190618_195939.jpg,4608,2592,sg1,2589,1449,4608,2585
IMG_20190618_200024.jpg,4608,2592,sg1,1077,1218,2255,2177
IMG_20190618_200028.jpg,4608,2592,sg1,1427,1336,2217,2214
IMG_20190618_200032.jpg,4608,2592,sg1,1239,1327,2130,2277
IMG_20190618_200041.jpg,4608,2592,sg1,239,11,1514,1364
IMG_20190618_200139.jpg,4608,2592,sg1,1667,1214,2658,1986
IMG_20190618_200142.jpg,4608,2592,sg1,1627,1293,2517,2071
IMG_20190618_200153.jpg,4608,2592,sg1,749,924,2386,2064
IMG_20190618_200247.jpg,4608,2592,sg1,1745,871,2589,1505
IMG_20190618_200251.jpg,4608,2592,sg1,2402,1027,2664,1208
IMG_20190618_200316.jpg,4608,2592,sg1,1858,1074,2095,1261
IMG_20190618_200319.jpg,4608,2592,sg1,1908,1161,2136,1343
IMG_20190618_200327.jpg,4608,2592,sg1,2395,1049,3217,1596
IMG_20190618_200412.jpg,4608,2592,sg1,2517,780,4205,1705
IMG_20190618_200419.jpg,4608,2592,sg1,2430,824,4286,2124
IMG_20190618_200422.jpg,4608,2592,sg1,2424,905,4430,2305
IMG_20190618_200514.jpg,4608,2592,sg1,1877,1071,2961,1702
IMG_20190618_200518.jpg,4608,2592,sg1,2220,877,3055,1424
IMG_20190618_200527.jpg,4608,2592,sg1,1367,899,1795,1346
IMG_20190618_200531.jpg,4608,2592,sg1,1692,961,2230,1343
IMG_20190618_200658.jpg,4608,2592,sg1,1120,633,2724,1777
IMG_20190618_200702.jpg,4608,2592,sg1,1170,774,2333,1727
IMG_20190618_200708.jpg,4608,2592,sg1,1486,802,2695,1614
IMG_20190618_200712.jpg,4608,2592,sg1,1427,702,2783,1689
IMG_20190618_204454.jpg,4608,2592,sg1,1330,771,2230,1946
IMG_20190618_204531.jpg,4608,2592,sg1,1358,1011,2414,2268
IMG_20190618_204550.jpg,4000,2250,sg1,1350,800,2050,1660
IMG_20190618_204612.jpg,4000,2250,sg1,1358,463,2888,1819
IMG_20190618_204617.jpg,4000,2250,sg1,1439,414,3006,2009
IMG_20190618_204634.jpg,4000,2250,sg1,1739,792,2671,2219
IMG_20190618_204641.jpg,4000,2250,sg1,1801,992,2674,2219
IMG_20190618_204800.jpg,4000,2250,sg1,2269,536,3350,1314
IMG_20190618_204806.jpg,4000,2250,sg1,2106,300,3371,1303
IMG_20190618_204822.jpg,4000,2250,sg1,2617,860,4000,2184
IMG_20190618_204837.jpg,4000,2250,sg1,1933,619,3150,1444
IMG_20190618_204854.jpg,4000,2250,sg1,1628,752,2969,1630
IMG_20190618_204921.jpg,4000,2250,sg1,1142,909,2925,2236
IMG_20190618_204928.jpg,4000,2250,sg1,2174,1322,3201,2014
IMG_20190618_204948.jpg,4000,2250,sg1,1771,592,2747,1487
IMG_20190618_205026.jpg,4000,2250,sg1,2028,660,3531,1982
IMG_20190618_205042.jpg,4000,2250,sg1,2215,752,3798,1941
IMG_20190618_205102.jpg,4000,2250,sg1,1369,592,3185,2052
IMG_20190618_205107.jpg,4000,2250,sg1,2063,811,2725,1330
IMG_20190618_205113.jpg,4000,2250,sg1,2120,1009,2860,1657
IMG_20190618_205121.jpg,4000,2250,sg1,1766,1500,2292,2250
IMG_20190618_205148.jpg,4000,2250,sg1,2882,806,3498,1265
IMG_20190618_205239.jpg,4608,2592,sg1,1664,943,2449,1543
IMG_20190618_205252.jpg,4000,2250,sg1,1533,987,2828,1941
IMG_20190618_205257.jpg,4000,2250,sg1,1374,968,2412,1676
IMG_20190618_205414.jpg,4000,2250,sg1,1290,1098,3170,2250
IMG_20190618_205609.jpg,4000,2250,sg1,2088,976,3479,2195
IMG_20190618_205615.jpg,4000,2250,sg1,2117,863,3582,1855
IMG_20190618_205621.jpg,4000,2250,sg1,2228,1098,3204,1784
IMG_20190618_205654.jpg,4000,2250,sg1,1850,233,3312,1325
IMG_20190618_205834.jpg,4000,2250,sg1,2893,700,4000,1551
IMG_20190618_205912.jpg,4000,2250,sg1,1793,338,3317,1590
IMG_20190618_205923.jpg,4000,2250,sg1,1498,741,2550,1617
IMG_20190618_205936.jpg,4000,2250,sg1,1960,636,3133,1563
IMG_20190618_205952.jpg,4000,2250,sg1,1647,555,3106,1538
IMG_20190618_205959.jpg,4000,2250,sg1,1169,638,2809,1733
IMG_20190618_210004.jpg,4000,2250,sg1,1588,800,2936,1819
IMG_20190618_210024.jpg,4000,2250,sg1,1817,311,3447,1338
IMG_20190618_210056.jpg,4000,2250,sg1,1879,744,3279,1679
IMG_20190618_210102.jpg,4000,2250,sg1,2317,814,3577,1638
IMG_20190618_210119.jpg,4000,2250,sg1,2012,917,3071,1736
IMG_20190618_210217.jpg,4000,2250,sg1,1998,509,3285,1422
IMG_20190618_210229.jpg,4000,2250,sg1,1547,368,3158,1844
IMG_20190618_210324.jpg,4000,2250,sg1,904,563,2328,1538
IMG_20190618_210333.jpg,4000,2250,sg1,869,173,2142,1009
IMG_20190618_210338.jpg,4000,2250,sg1,1982,682,2769,1255
IMG_20190619_133058.jpg,3456,4608,sg1,2089,2048,2483,2806
IMG_20190619_133103.jpg,4608,3456,sg1,1175,1217,1437,1663
IMG_20190619_133111.jpg,3456,4608,sg1,1908,2336,2108,2638
IMG_20190619_133117.jpg,4608,3456,sg1,1807,1890,1918,2069
IMG_20190619_133122.jpg,4608,3456,sg1,1637,1458,2075,1990
IMG_20190619_133134.jpg,4608,3456,sg1,2267,2006,3152,2559
IMG_20190619_133139.jpg,4608,3456,sg1,1797,1121,3543,2435
IMG_20190619_133143.jpg,3456,4608,sg1,1266,1390,2013,2382
IMG_20190619_133148.jpg,3456,4608,sg1,1717,2512,2555,3595
IMG_20190619_133157.jpg,4608,3456,sg1,1624,1262,2115,1962
IMG_20190619_133200.jpg,4608,3456,sg1,3479,1707,3947,2303
IMG_20190619_133205.jpg,4608,3456,sg1,2200,1685,2463,2021
IMG_20190619_133210.jpg,3456,4608,sg1,1791,2240,1986,2471
IMG_20190619_133216.jpg,3456,4608,sg1,1899,1339,2257,1780
IMG_20190619_133221.jpg,3456,4608,sg1,2111,2219,2274,2504
IMG_20190619_133315.jpg,3456,4608,sg1,2219,1339,2657,1929
IMG_20190619_133319.jpg,4608,3456,sg1,3176,1046,3525,1454
IMG_20190619_133323.jpg,3456,4608,sg1,1671,2312,2059,2777
IMG_20190619_133329.jpg,3456,4608,sg1,1683,1548,2336,2501
IMG_20190619_133333.jpg,3456,4608,sg1,1842,2171,2606,3006
IMG_20190619_133336.jpg,3456,4608,sg1,1753,1688,2385,2369
IMG_20190619_133340.jpg,3456,4608,sg1,401,1924,1559,3171
IMG_20190619_133402.jpg,3456,4608,sg1,1559,1783,2024,2489
IMG_20190619_133409.jpg,3456,4608,sg1,1159,1877,1730,2712
IMG_20190619_133415.jpg,4608,3456,sg1,1815,1653,2233,2230
IMG_20190619_133419.jpg,3456,4608,sg1,1306,2442,1689,3042
IMG_20190619_133423.jpg,3456,4608,sg1,562,2161,813,2520
IMG_20190619_133427.jpg,3456,4608,sg1,1234,1794,1810,2591
IMG_20190619_133434.jpg,3456,4608,sg1,1364,3315,2015,3756
IMG_20190619_133438.jpg,3456,4608,sg1,1599,1769,2215,2115
IMG_20190619_133443.jpg,3456,4608,sg1,1645,1864,1952,2352
IMG_20190619_133452.jpg,3456,4608,sg1,1515,2278,1811,2727
IMG_20190619_133500.jpg,3456,4608,sg1,1454,1959,1748,2395
IMG_20190619_133512.jpg,3456,4608,sg1,1401,1595,2036,2553
IMG_20190619_133521.jpg,3456,4608,sg1,1695,1095,2448,2077
IMG_20190619_133524.jpg,3456,4608,sg1,1259,595,2401,2536
IMG_20190619_133527.jpg,3456,4608,sg1,971,953,1906,2248
IMG_20190619_133533.jpg,3456,4608,sg1,1171,1553,2306,2353
IMG_20190619_133536.jpg,3456,4608,sg1,1101,1965,1624,2753
IMG_20190619_133540.jpg,3456,4608,sg1,1401,1742,1871,2383
IMG_20190619_133546.jpg,4608,3456,sg1,1729,2021,3006,3085
IMG_20190619_133556.jpg,3456,4608,sg1,1095,1930,1783,2777
IMG_20190619_133559.jpg,3456,4608,sg1,1471,1836,2106,2824
IMG_20190619_133605.jpg,3456,4608,sg1,748,1589,1824,2265
IMG_20190619_133609.jpg,3456,4608,sg1,1177,1524,2112,2983
IMG_20190619_133613.jpg,3456,4608,sg1,1762,1965,2079,2437
IMG_20190619_133619.jpg,3456,4608,sg1,1774,2059,2195,2543
IMG_20190619_134138.jpg,3456,4608,sg1,1769,2004,2142,2642
IMG_20190619_134142.jpg,4608,3456,sg1,2898,1667,3292,2288
IMG_20190619_134146.jpg,4608,3456,sg1,2006,1525,2452,2203
IMG_20190619_134150.jpg,4608,3456,sg1,2343,916,2779,1530
IMG_20190619_134154.jpg,4608,3456,sg1,1952,989,2297,1594
IMG_20190619_134157.jpg,4608,3456,sg1,1661,1603,2338,2248
IMG_20190619_134202.jpg,4608,3456,sg1,2502,1066,2811,1516
IMG_20190619_134207.jpg,3456,4608,sg1,1432,2648,1743,3069
IMG_20190619_134211.jpg,4608,3456,sg1,2261,1107,2674,1666
IMG_20190619_134215.jpg,4608,3456,sg1,2455,1380,2924,2009
IMG_20190619_134219.jpg,4608,3456,sg1,2688,1117,3254,1881
IMG_20190619_134223.jpg,4608,3456,sg1,2402,1046,3104,1869
IMG_20190619_134228.jpg,4608,3456,sg1,2102,1287,2740,2118
IMG_20190619_134232.jpg,4608,3456,sg1,2673,1456,3277,2174
IMG_20190619_134236.jpg,4608,3456,sg1,3129,1171,3743,2048
IMG_20190619_134243.jpg,4608,3456,sg1,2664,1732,3026,2187
IMG_20190619_134248.jpg,4608,3456,sg1,2983,2235,3483,2994
IMG_20190619_134252.jpg,3456,4608,sg1,1371,1053,2212,2024
IMG_20190619_134258.jpg,4608,3456,sg1,2170,1303,2747,1862
IMG_20190619_134303.jpg,3456,4608,sg1,1874,2050,2266,2586
IMG_20190619_134307.jpg,4608,3456,sg1,1915,1153,2397,1716
IMG_20190619_134311.jpg,4608,3456,sg1,1129,1280,2120,2371
IMG_20190619_134316.jpg,4608,3456,sg1,2738,1120,3198,1670
IMG_20190619_134325.jpg,4608,3456,sg1,1588,1585,2106,2066
IMG_20190619_134329.jpg,3456,4608,sg1,861,1329,1283,1918
IMG_20190619_134332.jpg,3456,4608,sg1,1718,2048,2354,2777
IMG_20190619_134336.jpg,3456,4608,sg1,1630,2489,2718,3665
IMG_20190619_134339.jpg,3456,4608,sg1,1377,1095,2571,2301
IMG_20190619_134349.jpg,4608,3456,sg1,1783,1248,2979,2857
IMG_20190619_134353.jpg,4608,3456,sg1,2429,1248,3156,2198
IMG_20190619_134359.jpg,4608,3456,sg1,2552,1030,3224,1980
IMG_20190619_134407.jpg,4608,3456,sg1,2502,1285,3270,2439
IMG_20190619_134417.jpg,4608,3456,sg1,2170,889,3052,2248
IMG_20190619_134429.jpg,3456,4608,sg1,2024,1001,3148,2201
IMG_20190619_134434.jpg,4608,3456,sg1,2883,1485,3774,2362
IMG_20190619_134438.jpg,4608,3456,sg1,770,1657,1670,2553
IMG_20190619_134443.jpg,4608,3456,sg1,2615,2525,3202,3071
IMG_20190619_134448.jpg,4608,3456,sg1,2347,2403,2693,3012
IMG_20190619_134456.jpg,3456,4608,sg1,1183,989,1912,1701
IMG_20190619_134500.jpg,3456,4608,sg1,1526,442,1764,858
IMG_20190619_134505.jpg,3456,4608,sg1,830,1759,1783,2948
IMG_20190619_134509.jpg,3456,4608,sg1,1306,1689,1771,2318
IMG_20190619_134514.jpg,4608,3456,sg1,2352,1053,2933,1871
IMG_20190619_134517.jpg,4608,3456,sg1,1952,875,3020,2035
IMG_20190619_134520.jpg,4608,3456,sg1,2429,916,3083,1789
IMG_20190619_134524.jpg,4608,3456,sg1,2388,1266,3052,1853
IMG_20190619_134528.jpg,4608,3456,sg1,2293,1403,2865,2044
IMG_20190619_134531.jpg,4608,3456,sg1,1971,1683,2443,2374
IMG_20190619_134534.jpg,4608,3456,sg1,2393,1742,3074,2211
IMG_20190619_134537.jpg,4608,3456,sg1,1511,1753,2556,2498
IMG_20190619_134539.jpg,4608,3456,sg1,2052,1139,2815,2280
IMG_20190619_134543.jpg,4608,3456,sg1,1961,1089,2738,1871
IMG_20190619_134546.jpg,3456,4608,sg1,1562,2193,2111,2918
IMG_20190619_134549.jpg,3456,4608,sg1,812,1653,1742,2630
IMG_20190619_134606.jpg,3456,4608,sg1,972,2533,1615,3348
IMG_20190619_134610.jpg,3456,4608,sg1,1459,1189,2054,2042
IMG_20190619_134614.jpg,3456,4608,sg1,1559,1218,2436,2483
IMG_20190619_134617.jpg,3456,4608,sg1,1718,1677,2401,2736
IMG_20190619_134621.jpg,3456,4608,sg1,1677,1377,2412,2377
IMG_20190619_134631.jpg,3456,4608,sg1,2271,642,3106,1636
IMG_20190619_134635.jpg,3456,4608,sg1,1615,1599,2163,2337
IMG_20190619_134638.jpg,3456,4608,sg1,1201,1906,1606,2536
IMG_20190619_134642.jpg,3456,4608,sg1,389,2418,695,2936
IMG_20190619_134648.jpg,3456,4608,sg1,2354,2883,2695,3459
IMG_20190619_134653.jpg,3456,4608,sg1,1606,2180,1978,2741
IMG_20190619_134658.jpg,3456,4608,sg1,1570,1716,2074,2335
IMG_20190619_134708.jpg,3456,4608,sg1,656,2210,1288,3113
IMG_20190619_134713.jpg,3456,4608,sg1,1777,1876,2185,2480
IMG_20190619_134717.jpg,3456,4608,sg1,1161,1252,1839,2181
IMG_20190619_134723.jpg,3456,4608,sg1,1248,1424,1954,2589
IMG_20190619_134726.jpg,3456,4608,sg1,1707,1540,2288,2572
IMG_20190619_134746.jpg,3456,4608,sg1,928,1897,1243,2314
IMG_20190619_134754.jpg,3456,4608,sg1,704,2442,1164,3091
IMG_20190619_134804.jpg,3456,4608,sg1,2371,289,3277,1377
IMG_20190619_134810.jpg,3456,4608,sg1,1365,189,2018,1118
IMG_20190619_134813.jpg,3456,4608,sg1,1442,453,2812,2348
IMG_20190619_134818.jpg,3456,4608,sg1,348,2630,1130,3630
IMG_20190619_134823.jpg,3456,4608,sg1,1683,2042,2218,2777
IMG_20190619_134841.jpg,3456,4608,sg1,1042,1724,1995,2465
IMG_20190619_134851.jpg,3456,4608,sg1,1320,2811,2261,3756
IMG_20190619_134856.jpg,3456,4608,sg1,1764,2437,2083,3013
IMG_20190619_135321.jpg,3456,4608,sg1,1877,2001,2336,2677
IMG_20190619_135327.jpg,3456,4608,sg1,1777,2769,2172,3407
IMG_20190619_135331.jpg,3456,4608,sg1,1377,1689,2095,2842
IMG_20190619_135336.jpg,3456,4608,sg1,1115,3048,1817,3542
IMG_20190619_135341.jpg,3456,4608,sg1,1018,2388,1356,2942
IMG_20190619_135345.jpg,3456,4608,sg1,1330,1295,1954,2171
IMG_20190619_135357.jpg,3456,4608,sg1,1273,1799,2034,2356
IMG_2679.JPG,3024,3024,sg1,818,165,2589,2551
IMG_2680.JPG,3024,3024,sg1,640,94,2475,2665
IMG_2681.JPG,3024,3024,sg1,711,144,2418,2779
IMG_2682.JPG,3024,3024,sg1,812,1,2575,2622
IMG_2718.JPG,3024,3024,sg1,880,288,2527,2483
IMG_2719.JPG,3024,3024,sg1,685,272,2343,2741
IMG_2720.JPG,3024,3024,sg1,890,604,2690,2667
IMG_2721.JPG,3024,3024,sg1,374,514,2122,2693
IMG_2722.JPG,3024,3024,sg1,503,283,2922,1941
IMG_2723.JPG,3024,3024,sg1,530,409,1851,2509
IMG_2724.JPG,3024,3024,sg1,840,298,2056,2314
IMG_2726.JPG,3024,3024,sg1,364,935,2745,2388
IMG_2727.JPG,3024,3024,sg1,451,677,2593,1951
IMG_2728.JPG,3024,3024,sg1,725,272,2319,2062
IMG_2729.JPG,3024,3024,sg1,919,325,2445,2283
IMG_2730.JPG,3024,3024,sg1,724,414,1851,2214
IMG_2731.JPG,3024,3024,sg1,535,467,2140,2456
IMG_2732.JPG,3024,3024,sg1,398,598,2151,2441
IMG_2733.JPG,3024,3024,sg1,445,430,2924,2493
IMG_2734.JPG,3024,3024,sg1,456,614,2445,2362
IMG_2735.JPG,3024,3024,sg1,219,314,2253,2625
IMG_2736.JPG,3024,3024,sg1,540,904,2561,2367
IMG_2737.JPG,3024,3024,sg1,177,762,2451,2156
IMG_2738.JPG,3024,3024,sg1,264,472,2493,2793
IMG_2739 (3).JPG,3024,3024,sg1,593,1214,2908,2625
IMG_2740.JPG,3024,3024,sg1,269,941,3024,2769
IMG_2741.JPG,3024,3024,sg1,127,777,3023,2748
IMG_2742.JPG,3024,3024,sg1,253,646,3024,2528
IMG_2743.JPG,3024,3024,sg1,201,577,3023,2392
IMG_2744.JPG,3024,3024,sg1,330,414,2556,2393
IMG_2745.JPG,3024,3024,sg1,322,798,2130,2441
IMG_2746.JPG,3024,3024,sg1,269,1104,2240,2867
IMG_2747.JPG,3024,3024,sg1,808,251,2335,2767
IMG_2748.JPG,3024,3024,sg1,198,1014,2708,2704
IMG_2749.JPG,3024,3024,sg1,351,777,2748,2341
IMG_2750.JPG,3024,3024,sg1,545,825,2827,2193
IMG_2752.JPG,3024,3024,sg1,764,1014,2324,2077
IMG_2753.JPG,3024,3024,sg1,1035,935,2382,1983
IMG_2754.JPG,3024,3024,sg1,651,404,2677,2246
IMG_2755.JPG,3024,3024,sg1,387,135,2080,2741
IMG_2756.JPG,3024,3024,sg1,898,267,2345,2909
IMG_2757.JPG,3024,3024,sg1,640,419,2656,2998
IMG_2758.JPG,3024,3024,sg1,835,83,2714,2393
IMG_2759.JPG,3024,3024,sg1,661,425,2830,2635
IMG_2760.JPG,3024,3024,sg1,177,819,2537,2183
IMG_2761.JPG,3024,3024,sg1,474,298,2206,2741
IMG_2762.JPG,3024,3024,sg1,814,667,2340,2314
IMG_2763.JPG,3024,3024,sg1,235,256,2603,3014
IMG_2764.JPG,3024,3024,sg1,308,219,2285,2430
IMG_2765.JPG,3024,3024,sg1,222,146,2227,2677
IMG_2766.JPG,3024,3024,sg1,730,604,2864,2162
IMG_2767.JPG,3024,3024,sg1,445,725,2608,2051
IMG_2768.JPG,3024,3024,sg1,774,362,2511,2641
IMG_2769.JPG,3024,3024,sg1,730,472,2472,2677
IMG_2770.JPG,3024,3024,sg1,819,67,2314,2419
IMG_2771.JPG,3024,3024,sg1,740,598,2161,2525
IMG_2772.JPG,3024,3024,sg1,940,741,2777,1730
IMG_2773.JPG,3024,3024,sg1,932,456,2551,2067
IMG_2774.JPG,3024,3024,sg1,703,441,2532,2198
IMG_2775.JPG,3024,3024,sg1,651,277,2135,2293
IMG_2776.JPG,3024,3024,sg1,808,925,1472,1809
IMG_2777.JPG,3024,3024,sg1,851,851,1514,1630
IMG_2778.JPG,3024,3024,sg1,924,893,2377,2135
IMG_2779.JPG,3024,3024,sg1,688,551,2172,2561
IMG_2780.JPG,3024,3024,sg1,403,472,1956,2519
IMG_2781.JPG,3024,3024,sg1,808,383,1861,1872
IMG_2782.JPG,3024,3024,sg1,787,856,2608,2262
IMG_2783.JPG,3024,3024,sg1,724,409,1724,1767
IMG_2784.JPG,3024,3024,sg1,782,988,2219,2267
IMG_2785.JPG,3024,3024,sg1,719,498,1682,1967
IMG_2786.JPG,3024,3024,sg1,877,462,1814,1919
IMG_2787.JPG,3024,3024,sg1,970,341,2419,2509
IMG_2788.JPG,4032,3024,sg1,1741,193,3630,2870
IMG_2789.JPG,4032,3024,sg1,813,270,2596,2336
IMG_2790.JPG,4032,3024,sg1,1619,64,3226,2656
IMG_2791.JPG,3024,3024,sg1,303,619,3008,2513
IMG_2792.JPG,3024,3024,sg1,972,577,2808,2830
IMG_2793.JPG,3024,3024,sg1,582,693,2285,2730
IMG_2794.JPG,3024,3024,sg1,1082,467,2058,1919
IMG_2795.JPG,3024,3024,sg1,1301,477,2548,1819
IMG_2796.JPG,3024,3024,sg1,601,609,2701,2683
IMG_2797.JPG,3024,3024,sg1,1135,383,2577,2614
IMG_2798.JPG,3024,3024,sg1,1203,625,2214,1762
IMG_2799.JPG,3024,3024,sg1,1019,304,2366,2125
IMG_2800.JPG,3024,3024,sg1,472,167,2161,2514
IMG_2801.JPG,3024,3024,sg1,708,409,2177,2667
IMG_2802.JPG,3024,3024,sg1,393,283,2948,2935
IMG_2803.JPG,3024,3024,sg1,919,293,2498,2825
IMG_2804.JPG,3024,3024,sg1,285,625,2690,2404
IMG_2805.JPG,3024,3024,sg1,582,525,2756,2341
IMG_2806.JPG,3024,3024,sg1,724,283,2201,2535
IMG_2807.JPG,3024,3024,sg1,1072,267,2819,2688
IMG_2808.JPG,3024,3024,sg1,172,393,1943,2667
IMG_2809.JPG,3024,3024,sg1,893,4,2503,2377
IMG_2810.JPG,3024,3024,sg1,698,119,2764,2741
IMG_2811.JPG,3024,3024,sg1,972,614,2003,2467
IMG_2812.JPG,3024,3024,sg1,1008,225,2648,2704
IMG_2813.JPG,3024,3024,sg1,827,1125,2530,2883
IMG_2814.JPG,3024,3024,sg1,774,183,2687,2651
IMG_2815.JPG,3024,3024,sg1,882,214,2572,2341
IMG_2816.JPG,3024,3024,sg1,864,383,2182,2214
IMG_2817.JPG,3024,3024,sg1,903,1172,2453,2383
IMG_2818.JPG,3024,3024,sg1,832,1162,2382,2341
IMG_2819.JPG,3024,3024,sg1,258,709,3006,3024
IMG_2820.JPG,3024,3024,sg1,574,946,2869,2883
IMG_2821.JPG,3024,3024,sg1,661,983,2580,2683
IMG_2822.JPG,3024,3024,sg1,301,783,2587,2198
IMG_2823.JPG,3024,3024,sg1,985,409,2656,2677
IMG_2824.JPG,3024,3024,sg1,185,388,2324,2093
IMG_2825.JPG,3024,3024,sg1,645,135,2153,2614
IMG_2826.JPG,3024,3024,sg1,1077,146,2140,1777
IMG_2827.JPG,3024,3024,sg1,1040,367,2277,2093
IMG_2828.JPG,3024,3024,sg1,1124,177,2045,1756
IMG_2829.JPG,3024,3024,sg1,1019,398,2008,2083
IMG_2830.JPG,3024,3024,sg1,861,498,2051,2404
IMG_2831.JPG,3024,3024,sg1,677,88,2272,2504
IMG_2832.JPG,3024,3024,sg1,598,351,1861,2277
IMG_2833.JPG,3024,3024,sg1,708,383,1930,2235
IMG_2834.JPG,3024,3024,sg1,308,572,1319,2004
IMG_2835.JPG,3024,3024,sg1,1251,935,2087,2135
IMG_2836.JPG,3024,3024,sg1,1956,814,2977,2267
IMG_2837.JPG,3024,3024,sg1,998,62,2498,2241
IMG_2838.JPG,3024,3024,sg1,877,4,2108,1456
IMG_2839.JPG,3024,3024,sg1,777,351,2003,2109
IMG_2840.JPG,3024,3024,sg1,903,419,1930,2109
IMG_2841.JPG,3024,3024,sg1,908,341,1940,1819
IMG_2842.JPG,3024,3024,sg1,735,141,2330,2098
IMG_2843.JPG,3024,3024,sg1,866,393,2087,1398
IMG_2844.JPG,3024,3024,sg1,851,588,2072,1451
IMG_2845.JPG,3024,3024,sg1,785,362,2761,1788
IMG_2846.JPG,3024,3024,sg1,285,841,1966,2098
IMG_2847.JPG,3024,3024,sg1,566,614,1551,2004
IMG_2848.JPG,3024,3024,sg1,558,167,1693,1709
IMG_2849.JPG,3024,3024,sg1,32,1077,1561,2356
IMG_2850.JPG,3024,3024,sg1,940,367,2077,2146
IMG_2851.JPG,3024,3024,sg1,703,372,1908,2467
IMG_2852.JPG,3024,3024,sg1,756,814,2624,2377
IMG_2853.JPG,3024,3024,sg1,474,498,2124,1772
IMG_2854.JPG,3024,3024,sg1,535,356,2151,1588
IMG_2855.JPG,3024,3024,sg1,151,525,2535,2341
IMG_2856.JPG,3024,3024,sg1,477,514,2582,1988
IMG_2857.JPG,3024,3024,sg1,824,588,2408,1504
IMG_2858.JPG,3024,3024,sg1,919,225,2230,1104
IMG_2859.JPG,3024,3024,sg1,998,298,2482,2425
IMG_2860 (5).JPG,3024,3024,sg1,872,1,2672,2356
IMG_2861.JPG,3024,3024,sg1,745,1598,2156,2646
IMG_2862.JPG,3024,3024,sg1,824,862,2003,1677
IMG_2863.JPG,3024,3024,sg1,1261,530,2464,1362
IMG_2864.JPG,3024,3024,sg1,372,1304,2343,2541
IMG_2865.JPG,3024,3024,sg1,387,1241,2161,2441
IMG_2866.JPG,3024,3024,sg1,6,1435,1193,2209
IMG_2867.JPG,3024,3024,sg1,6,793,1724,1998
IMG_2868.JPG,3024,3024,sg1,1,714,1645,2362
IMG_2869.JPG,3024,3024,sg1,861,504,2287,2493
IMG_2870.JPG,3024,3024,sg1,703,146,2156,2162
IMG_2871.JPG,3024,3024,sg1,1243,293,2403,2009
IMG_2872.JPG,3024,3024,sg1,1875,935,2777,2414
IMG_2873.JPG,3024,3024,sg1,793,925,1698,2293
IMG_2874.JPG,3024,3024,sg1,1758,425,2319,1283
IMG_2875.JPG,3024,3024,sg1,701,998,2714,2351
IMG_2876.JPG,3024,3024,sg1,382,62,2332,2162
IMG_2877.JPG,3024,3024,sg1,1230,135,2298,2041
IMG_2878.JPG,3024,3024,sg1,398,230,1514,1867
IMG_2879.JPG,3024,3024,sg1,1061,62,2403,2283
IMG_2880.JPG,3024,3024,sg1,561,435,1656,2046
IMG_2881.JPG,3024,3024,sg1,1082,98,2151,1572
IMG_2882.JPG,3024,3024,sg1,614,409,1756,2030
IMG_2883.JPG,3024,3024,sg1,1430,498,2251,1730
IMG_2884.JPG,3024,3024,sg1,1182,530,2477,2319
IMG_2885.JPG,3024,3024,sg1,682,225,1819,1756
IMG_2886.JPG,3024,3024,sg1,616,456,1740,2167
IMG_2887.JPG,3024,3024,sg1,764,235,2235,2146
IMG_2888.JPG,3024,3024,sg1,861,277,2087,2288
IMG_2889.JPG,3024,3024,sg1,819,156,1595,1309
IMG_2890.JPG,3024,3024,sg1,608,509,1782,1919
IMG_2891.JPG,3024,3024,sg1,803,1130,1772,2062
IMG_2892.JPG,3024,3024,sg1,808,962,1745,2162
IMG_2893.JPG,3024,3024,sg1,1224,114,2098,1498
IMG_2894.JPG,3024,3024,sg1,1143,314,2022,1593
IMG_2895.JPG,3024,3024,sg1,624,498,2048,2377
IMG_2896.JPG,3024,3024,sg1,340,1109,1919,2041
IMG_2897.JPG,3024,3024,sg1,835,614,2124,2567
IMG_2898.JPG,3024,3024,sg1,808,1219,1835,2467
IMG_2899.JPG,3024,3024,sg1,482,688,2440,2188
IMG_2900.JPG,3024,3024,sg1,608,325,1514,1619
IMG_2901.JPG,3024,3024,sg1,416,1151,2253,2425
IMG_2902 (7).JPG,3024,3024,sg1,351,741,1764,1825
IMG_2903.JPG,3024,3024,sg1,514,1125,1908,2146
IMG_2904.JPG,3024,3024,sg1,214,1072,1782,2277
IMG_2905.JPG,3024,3024,sg1,1185,888,2648,2304
IMG_2906.JPG,3024,3024,sg1,948,672,2451,2714
IMG_2907.JPG,3024,3024,sg1,22,1298,1335,2125
IMG_2908.JPG,3024,3024,sg1,995,709,2119,2351
IMG_2909.JPG,3024,3024,sg1,1251,662,2198,2277
IMG_2910.JPG,3024,3024,sg1,1093,488,2119,2067
IMG_2911.JPG,3024,3024,sg1,787,346,2382,2388
IMG_2912.JPG,3024,3024,sg1,1180,962,2308,2688
IMG_2913.JPG,3024,3024,sg1,487,393,2493,2946
IMG_2914.JPG,3024,3024,sg1,356,509,2430,2546
IMG_2915.JPG,3024,3024,sg1,1756,351,3024,2029
IMG_2916.JPG,3024,3024,sg1,824,1314,2787,2883
IMG_2917.JPG,3024,3024,sg1,1045,604,1682,1651
IMG_2918.JPG,3024,3024,sg1,780,825,1519,1841
IMG_2919.JPG,3024,3024,sg1,1795,162,2672,1556
IMG_2920.JPG,3024,3024,sg1,1037,856,2019,2377
IMG_2921.JPG,3024,3024,sg1,777,1241,1819,2583
IMG_2922.JPG,3024,3024,sg1,1156,1035,2040,2388
IMG_2923.JPG,3024,3024,sg1,1158,1272,2003,2362
IMG_2924.JPG,3024,3024,sg1,887,793,1687,1909
IMG_2925.JPG,3024,3024,sg1,1172,588,2414,2309
IMG_2926.JPG,3024,3024,sg1,993,309,2230,2325
IMG_2927.JPG,3024,3024,sg1,1230,1130,1866,1819
IMG_2928.JPG,3024,3024,sg1,903,977,1556,1819
IMG_2929.JPG,3024,3024,sg1,622,1130,2014,2872
IMG_2930.JPG,3024,3024,sg1,630,698,2056,2072
IMG_2931.JPG,3024,3024,sg1,166,819,2308,2835
IMG_2932.JPG,3024,3024,sg1,151,504,2008,2341
IMG_2933.JPG,3024,3024,sg1,998,1067,1682,1462
IMG_2934.JPG,3024,3024,sg1,982,567,1603,1030
IMG_2935.JPG,3024,3024,sg1,814,1351,1566,1862
IMG_2936.JPG,3024,3024,sg1,793,1346,1572,1877
IMG_2937.JPG,3024,3024,sg1,782,1419,1737,1956
IMG_2938.JPG,3024,3024,sg1,824,804,2085,1514
IMG_2939.JPG,3024,3024,sg1,598,1251,1972,2093
IMG_2940.JPG,3024,3024,sg1,908,1162,2077,2035
IMG_2941.JPG,3024,3024,sg1,782,1288,2327,2183
IMG_2942.JPG,3024,3024,sg1,1008,1841,1998,2441
IMG_2943.JPG,3024,3024,sg1,561,2067,1687,2667
IMG_2944.JPG,3024,3024,sg1,1345,1246,2803,2393
IMG_2945.JPG,3024,3024,sg1,1003,709,1740,1767
IMG_2946.JPG,3024,3024,sg1,866,483,1916,2046
IMG_2947.JPG,3024,3024,sg1,914,425,1882,2025
IMG_2948.JPG,3024,3024,sg1,885,841,1872,2241
IMG_2949.JPG,3024,3024,sg1,851,330,1777,1746
IMG_2950.JPG,3024,3024,sg1,851,983,1856,2430
IMG_2951.JPG,3024,3024,sg1,656,35,1908,1693
IMG_2952.JPG,3024,3024,sg1,730,841,2477,1898
IMG_2953.JPG,3024,3024,sg1,1451,256,2519,1867
IMG_2954.JPG,3024,3024,sg1,1956,119,3006,1777
IMG_2955.JPG,3024,3024,sg1,640,83,2014,1204
IMG_2956.JPG,3024,3024,sg1,1190,614,2182,1951
IMG_2957.JPG,3024,3024,sg1,1030,783,2372,2346
IMG_2958.JPG,3024,3024,sg1,1051,730,2087,1909
IMG_2959.JPG,3024,3024,sg1,440,904,1340,2298
IMG_2960.JPG,3024,3024,sg1,387,1119,1261,2377
IMG_2961.JPG,3024,3024,sg1,772,525,1898,2067
IMG_2962.JPG,3024,3024,sg1,240,809,2135,2572
IMG_2963.JPG,3024,3024,sg1,803,1262,2235,2230
IMG_2964.JPG,3024,3024,sg1,687,1083,2219,2130
IMG_2965.JPG,3024,3024,sg1,1,488,1908,1951
IMG_2966.JPG,3024,3024,sg1,587,1404,2145,2593
IMG_2967 (1).JPG,3024,3024,sg1,1003,1141,1845,1698
IMG_2968.JPG,3024,3024,sg1,606,1393,1566,1988
IMG_2969.JPG,3024,3024,sg1,703,1235,1535,1777
IMG_2970.JPG,3024,3024,sg1,1082,1119,1977,1667
IMG_2971.JPG,3024,3024,sg1,1014,1851,2082,2577
IMG_2972.JPG,3024,3024,sg1,798,1509,1524,1941
IMG_2973.JPG,3024,3024,sg1,1051,1177,2030,1798
IMG_2974.JPG,3024,3024,sg1,135,1104,1893,2462
IMG_2975.JPG,3024,3024,sg1,724,804,1914,1646
IMG_2976.JPG,3024,3024,sg1,651,1151,1882,2025
IMG_2977.JPG,3024,3024,sg1,1098,1009,2093,1598
IMG_2978.JPG,3024,3024,sg1,1230,1314,2398,2062
IMG_2979.JPG,3024,3024,sg1,772,1262,2014,2009
IMG_2980.JPG,3024,3024,sg1,908,1025,1977,1788
IMG_2981.JPG,3024,3024,sg1,1051,1162,2135,1877
IMG_2982.JPG,3024,3024,sg1,908,1277,2272,2135
IMG_2983.JPG,3024,3024,sg1,314,1156,1393,1846
IMG_2984.JPG,3024,3024,sg1,435,1367,1640,2083
IMG_2985.JPG,3024,3024,sg1,1387,1809,2124,2446
IMG_2986.JPG,3024,3024,sg1,1093,1072,1835,1762
IMG_2987.JPG,3024,3024,sg1,1108,1209,1845,1841
IMG_2988.JPG,3024,3024,sg1,540,1098,1230,1672
IMG_2989.JPG,3024,3024,sg1,1374,451,2266,1377
IMG_2990.JPG,3024,3024,sg1,1524,941,2335,1519
IMG_2991.JPG,3024,3024,sg1,745,525,1266,1156
IMG_2992.JPG,3024,3024,sg1,922,1546,1382,2125
IMG_2993.JPG,3024,3024,sg1,1708,1546,2277,1983
IMG_2994.JPG,3024,3024,sg1,982,846,1524,1509
IMG_2995.JPG,3024,3024,sg1,143,1341,1177,2119
IMG_2996.JPG,3024,3024,sg1,251,1388,787,1709
IMG_2997.JPG,3024,3024,sg1,545,1341,1377,1809
IMG_2998.JPG,3024,3024,sg1,240,1156,1351,2377
IMG_2999.JPG,3024,3024,sg1,803,1646,1495,2609
IMG_3001.JPG,3024,3024,sg1,1003,688,1766,1919
IMG_3002.JPG,3024,3024,sg1,1161,1162,2072,2046
IMG_3003.JPG,3024,3024,sg1,719,1435,1287,1851
IMG_3004.JPG,3024,3024,sg1,1361,672,2372,1888
IMG_3005.JPG,3024,3024,sg1,545,1209,1577,2019
IMG_3006.JPG,3024,3024,sg1,1198,683,2193,1456
IMG_3007.JPG,3024,3024,sg1,1051,1077,2766,2172
IMG_3008.JPG,3024,3024,sg1,314,346,2143,1930
IMG_3009.JPG,3024,3024,sg1,940,4,2645,1204
IMG_3010.JPG,3024,3024,sg1,461,1230,2045,2288
IMG_3011.JPG,3024,3024,sg1,306,1109,1582,1956
IMG_3012.JPG,3024,3024,sg1,514,1198,1708,1967
IMG_3013.JPG,3024,3024,sg1,656,972,1637,1625
IMG_3014.JPG,3024,3024,sg1,798,1425,1719,2014
IMG_3015.JPG,3024,3024,sg1,887,998,1772,1677
IMG_3016.JPG,3024,3024,sg1,840,1104,1803,1672
IMG_3017.JPG,3024,3024,sg1,651,1051,1461,1688
IMG_3018.JPG,3024,3024,sg1,887,909,1424,1283
IMG_3019.JPG,3024,3024,sg1,430,1093,1224,1588
IMG_3020.JPG,3024,3024,sg1,382,835,1482,1630
IMG_3021.JPG,3024,3024,sg1,293,741,1198,1472
IMG_3022.JPG,3024,3024,sg1,1230,404,2303,1735
IMG_3023.JPG,3024,3024,sg1,924,693,1661,1730
IMG_3024.JPG,3024,3024,sg1,245,472,1256,1656
IMG_3025.JPG,3024,3024,sg1,1235,1741,1908,2756
IMG_3026.JPG,3024,3024,sg1,703,872,1898,1635
IMG_3027.JPG,3024,3024,sg1,303,1141,1445,1930
IMG_3028.JPG,3024,3024,sg1,188,1656,1535,2425
IMG_3029.JPG,4032,3024,sg1,902,959,1857,1520
IMG_3030.JPG,3024,3024,sg1,1019,1451,2235,2193
IMG_3031.JPG,3024,3024,sg1,598,1409,2224,2535
IMG_3032.JPG,3024,3024,sg1,406,1367,1648,2062
IMG_3033.JPG,3024,3024,sg1,1351,1056,2314,2204
IMG_3034.JPG,3024,3024,sg1,1314,1098,2261,2246
IMG_3035.JPG,3024,3024,sg1,98,1014,1351,1893
IMG_3036.JPG,3024,3024,sg1,903,1288,1851,2551
IMG_3037.JPG,3024,3024,sg1,482,304,2403,1877
IMG_3038.JPG,3024,3024,sg1,1072,398,2303,1235
IMG_3039.JPG,3024,3024,sg1,937,1619,2377,2535
IMG_3041.JPG,3024,3024,sg1,814,877,1716,1756
IMG_3042.JPG,3024,3024,sg1,1030,1141,1753,2014
IMG_3043.JPG,3024,3024,sg1,1572,593,2593,1214
IMG_3044.JPG,3024,3024,sg1,1816,304,2593,1398
IMG_3045.JPG,3024,3024,sg1,2093,283,2951,1409
IMG_3046.JPG,3024,3024,sg1,964,646,2161,1477
IMG_3047.JPG,3024,3024,sg1,1240,667,2208,1730
IMG_3048.JPG,3024,3024,sg1,582,456,1577,1251
IMG_3049.JPG,3024,3024,sg1,556,1604,1472,2209
IMG_3050.JPG,3024,3024,sg1,761,1851,1814,2677
IMG_3051.JPG,3024,3024,sg1,766,1298,1703,2351
IMG_3052.JPG,3024,3024,sg1,872,1267,1656,1830
IMG_3053.JPG,3024,3024,sg1,656,893,1490,1435
IMG_3054.JPG,3024,3024,sg1,814,819,1614,1451
IMG_3055.JPG,3024,3024,sg1,1030,919,1624,1304
IMG_3056.JPG,3024,3024,sg1,277,1077,1472,1746
IMG_3057.JPG,3024,3024,sg1,530,1141,1303,2062
IMG_3058.JPG,3024,3024,sg1,951,998,2130,1962
IMG_3059.JPG,3024,3024,sg1,1498,646,2303,1409
IMG_3060.JPG,3024,3024,sg1,1408,909,2130,1677
IMG_3061.JPG,3024,3024,sg1,1282,830,2077,1467
IMG_3062.JPG,3024,3024,sg1,1282,1356,2272,2209
IMG_3063.JPG,3024,3024,sg1,666,1088,1569,1741
IMG_3064.JPG,3024,3024,sg1,603,846,1487,1488
IMG_3065.JPG,3024,3024,sg1,1014,535,1924,1225
IMG_3066.JPG,3024,3024,sg1,1003,556,1898,1288
IMG_3067.JPG,3024,3024,sg1,856,567,1740,1404
IMG_3068.JPG,3024,3024,sg1,593,1019,1635,1856
IMG_3069.JPG,3024,3024,sg1,740,1719,2414,3024
IMG_3070.JPG,3024,3024,sg1,761,1,1861,1256
IMG_3071.JPG,3024,3024,sg1,1335,151,2508,1688
IMG_3072.JPG,3024,3024,sg1,919,1341,1530,2177
IMG_3073.JPG,3024,3024,sg1,1308,367,2145,1514
IMG_3074.JPG,3024,3024,sg1,672,504,1630,1862
IMG_3075.JPG,3024,3024,sg1,877,746,1593,1830
IMG_3076.JPG,3024,3024,sg1,314,751,1208,1830
IMG_3077.JPG,3024,3024,sg1,719,283,1672,1777
IMG_3078.JPG,3024,3024,sg1,1398,477,2466,1883
IMG_3079.JPG,3024,3024,sg1,819,704,1898,2214
IMG_3080.JPG,3024,3024,sg1,1024,1267,1945,2083
IMG_3081.JPG,3024,3024,sg1,445,1409,1808,2341
IMG_3082.JPG,3024,3024,sg1,314,1067,1787,1983
IMG_3083.JPG,3024,3024,sg1,203,1030,1703,1967
IMG_3084.JPG,3024,3024,sg1,630,235,1798,1146
IMG_3085.JPG,3024,3024,sg1,924,651,1961,2241
IMG_3086.JPG,3024,3024,sg1,835,14,1887,1367
IMG_3087.JPG,3024,3024,sg1,1261,962,2240,2093
IMG_3088.JPG,3024,3024,sg1,1208,1172,2187,2267
IMG_3089.JPG,3024,3024,sg1,898,1130,1951,2535
IMG_3090.JPG,3024,3024,sg1,1519,619,2972,2241
IMG_3091.JPG,3024,3024,sg1,635,1,2087,1846
IMG_3092.JPG,3024,3024,sg1,1,1351,882,2567
IMG_3093.JPG,3024,3024,sg1,1319,825,2140,1625
IMG_3094.JPG,3024,3024,sg1,1245,1004,2124,2172
IMG_3095.JPG,3024,3024,sg1,1656,888,2598,1714
IMG_3096.JPG,3024,3024,sg1,1977,1046,2908,1656
IMG_3097.JPG,3024,3024,sg1,345,883,1598,2146
IMG_3098.JPG,3024,3024,sg1,814,1109,1656,1956
IMG_3099.JPG,3024,3024,sg1,266,846,1272,1941
IMG_3100.JPG,3024,3024,sg1,330,256,1348,1498
IMG_3101.JPG,3024,3024,sg1,445,1735,1287,2330
IMG_3102.JPG,3024,3024,sg1,514,2004,1351,2619
IMG_3103.JPG,3024,3024,sg1,456,1477,1330,1988
IMG_3104.JPG,3024,3024,sg1,1372,146,2166,1346
IMG_3105.JPG,3024,3024,sg1,1382,625,2140,1725
IMG_3106.JPG,3024,3024,sg1,1145,1904,2308,2630
IMG_3107.JPG,3024,3024,sg1,661,1609,1319,2104
IMG_3108.JPG,3024,3024,sg1,640,998,2308,2388
IMG_3109.JPG,3024,3024,sg1,761,1151,1914,2114
IMG_3110.JPG,3024,3024,sg1,498,883,1582,1872
IMG_3111.JPG,3024,3024,sg1,656,641,1908,1809
IMG_3112.JPG,3024,3024,sg1,561,1030,2056,2030
IMG_3113.JPG,3024,3024,sg1,1161,856,2356,2298
IMG_3114.JPG,3024,3024,sg1,1061,356,2882,2251
IMG_3115.JPG,3024,3024,sg1,1045,898,1719,1835
IMG_3116.JPG,3024,3024,sg1,1,967,1235,1993
IMG_3117.JPG,3024,3024,sg1,440,1235,1893,2314
IMG_3118.JPG,3024,3024,sg1,845,1256,1856,2546
IMG_3119.JPG,3024,3024,sg1,624,1141,1603,1804
IMG_3120.JPG,3024,3024,sg1,719,1241,1603,1819
IMG_3121.JPG,3024,3024,sg1,787,1446,1587,2014
IMG_3122.JPG,3024,3024,sg1,872,1593,1435,2004
IMG_3123.JPG,3024,3024,sg1,1153,1546,1735,2262
IMG_3124.JPG,3024,3024,sg1,803,1230,1487,2167
IMG_3125.JPG,3024,3024,sg1,772,1072,1314,1446
IMG_3126.JPG,3024,3024,sg1,787,1662,1308,2009
IMG_3127.JPG,3024,3024,sg1,366,567,1645,2298
IMG_3128.JPG,3024,3024,sg1,1230,383,2527,1867
IMG_3129.JPG,3024,3024,sg1,130,946,1745,2735
IMG_3130.JPG,3024,3024,sg1,451,141,1861,2088
IMG_3131.JPG,3024,3024,sg1,1224,1419,2119,2041
IMG_3132.JPG,3024,3024,sg1,887,1356,1582,1730
IMG_3133.JPG,3024,3024,sg1,861,1235,1614,1709
IMG_3134.JPG,3024,3024,sg1,1024,1072,1766,1551
IMG_3135.JPG,3024,3024,sg1,587,1256,1330,1777
IMG_3136.JPG,3024,3024,sg1,477,1541,1266,2004
IMG_3137.JPG,3024,3024,sg1,677,1441,1593,2072
IMG_3138.JPG,3024,3024,sg1,630,941,1701,1625
IMG_3139.JPG,3024,3024,sg1,614,667,1561,1609
IMG_3140.JPG,3024,3024,sg1,535,893,1598,1756
IMG_3141.JPG,3024,3024,sg1,493,951,1572,1693
IMG_3142.JPG,3024,3024,sg1,324,935,1661,2004
IMG_3143.JPG,3024,3024,sg1,351,925,1798,2035
IMG_3144.JPG,3024,3024,sg1,787,430,2040,1693
IMG_3145.JPG,3024,3024,sg1,1203,562,2187,1819
IMG_3146.JPG,3024,3024,sg1,145,1151,2003,2267
IMG_3147.JPG,3024,3024,sg1,730,1,2119,1698
IMG_3148.JPG,3024,3024,sg1,1316,877,1958,1846
IMG_3149.JPG,3024,3024,sg1,1603,1567,3024,2493
IMG_3150.JPG,3024,3024,sg1,1308,1756,2824,2804
IMG_3151.JPG,3024,3024,sg1,1103,688,2282,1430
IMG_3152.JPG,3024,3024,sg1,693,1,2398,1742
IMG_3153.JPG,3024,3024,sg1,945,767,2393,1725
IMG_3154.JPG,3024,3024,sg1,998,246,2656,1635
IMG_3155.JPG,3024,3024,sg1,972,767,2077,1662
IMG_3156.JPG,3024,3024,sg1,1330,1798,2472,2819
IMG_3157.JPG,3024,3024,sg1,1656,414,2840,1104
IMG_3158.JPG,3024,3024,sg1,1340,777,2051,1798
IMG_3159.JPG,3024,3024,sg1,1556,1,2108,762
IMG_3160.JPG,3024,3024,sg1,1040,483,1587,1314
IMG_3161.JPG,3024,3024,sg1,1051,835,1940,2414
IMG_3162.JPG,3024,3024,sg1,1366,293,2330,1604
IMG_3163.JPG,3024,3024,sg1,1385,798,2024,1598
IMG_3164.JPG,3024,3024,sg1,1393,688,2214,2004
IMG_3165.JPG,3024,3024,sg1,745,483,1624,1688
IMG_3166.JPG,3024,3024,sg1,666,914,1703,2183
IMG_3167.JPG,3024,3024,sg1,1177,1,2127,1246
IMG_3168.JPG,3024,3024,sg1,645,267,1793,1951
IMG_3169.JPG,3024,3024,sg1,1093,535,2035,1925
IMG_3170.JPG,3024,3024,sg1,1319,662,2077,1667
IMG_3171.JPG,3024,3024,sg1,851,825,1419,1604
IMG_3172.JPG,3024,3024,sg1,1156,377,1756,1251
IMG_3173.JPG,3024,3024,sg1,1372,256,2293,1330
IMG_3174.JPG,3024,3024,sg1,1403,388,2124,1388
IMG_3175.JPG,3024,3024,sg1,1277,1477,2251,2904
IMG_3176.JPG,3024,3024,sg1,1519,672,2466,1614
IMG_3177.JPG,3024,3024,sg1,1082,146,2093,1372
IMG_3178.JPG,3024,3024,sg1,1361,693,1866,1462
IMG_3179.JPG,3024,3024,sg1,1019,151,2056,1467
IMG_3180.JPG,3024,3024,sg1,945,1025,1940,1751
IMG_3181.JPG,3024,3024,sg1,466,1209,1598,2083
IMG_3182.JPG,3024,3024,sg1,1635,556,2535,1398
IMG_3183.JPG,3024,3024,sg1,787,1519,1708,2593
IMG_3184.JPG,3024,3024,sg1,587,1893,1545,2556
IMG_3185.JPG,3024,3024,sg1,1293,1598,2487,2409
IMG_3186.JPG,3024,3024,sg1,1151,672,2214,1298
IMG_3187.JPG,3024,3024,sg1,1461,1167,2524,1772
IMG_3188.JPG,3024,3024,sg1,840,935,1756,1909
IMG_3189.JPG,3024,3024,sg1,787,1251,2193,2467
IMG_3190.JPG,3024,3024,sg1,403,667,1293,1377
IMG_3191.JPG,3024,3024,sg1,1216,1208,3024,2398
IMG_3192.JPG,3024,3024,sg1,1393,367,2108,1319
IMG_3193.JPG,3024,3024,sg1,887,1577,2024,2546
IMG_3194.JPG,3024,3024,sg1,619,967,1587,1593
IMG_3195.JPG,3024,3024,sg1,208,1330,1214,1946
IMG_3196.JPG,3024,3024,sg1,461,1114,1235,1619
IMG_3197.JPG,3024,3024,sg1,377,1467,1066,1930
IMG_3198.JPG,3024,3024,sg1,519,330,1051,1104
IMG_3199.JPG,3024,3024,sg1,845,688,1319,1504
IMG_3200.JPG,3024,3024,sg1,414,1219,1130,2040
IMG_3201.JPG,3024,3024,sg1,298,1383,1287,2109
IMG_3202.JPG,3024,3024,sg1,635,609,1177,1372
IMG_3203.JPG,3024,3024,sg1,503,1225,1240,1851
IMG_3204.JPG,3024,3024,sg1,603,1014,1519,1693
IMG_3205.JPG,3024,3024,sg1,1334,998,1926,1593
IMG_3206.JPG,3024,3024,sg1,1324,1609,1840,2214
IMG_3207.JPG,3024,3024,sg1,1140,788,1908,1535
IMG_3208.JPG,3024,3024,sg1,1203,783,1822,1514
IMG_3209.JPG,3024,3024,sg1,769,1362,1777,2056
IMG_3210.JPG,3024,3024,sg1,1024,925,1724,1962
IMG_3211.JPG,3024,3024,sg1,1135,1698,2093,2372
IMG_3212.JPG,3024,3024,sg1,1372,856,1924,1541
IMG_3213.JPG,3024,3024,sg1,945,1009,1635,1714
IMG_3214.JPG,3024,3024,sg1,948,1030,1624,1688
IMG_3215.JPG,3024,3024,sg1,440,1219,1293,1872
IMG_3216.JPG,3024,3024,sg1,987,1119,1603,1619
IMG_3217.JPG,3024,3024,sg1,761,1093,1314,1593
IMG_3218.JPG,3024,3024,sg1,540,1346,1061,1993
IMG_3219.JPG,3024,3024,sg1,1014,988,1666,1930
IMG_3220.JPG,3024,3024,sg1,835,404,1477,1388
IMG_3221.JPG,3024,3024,sg1,1030,451,1698,1388
IMG_3222.JPG,3024,3024,sg1,840,625,1456,1604
IMG_3224.JPG,3024,3024,sg1,1108,483,2124,1814
IMG_3225.JPG,3024,3024,sg1,1061,1556,2135,2341
IMG_3226.JPG,3024,3024,sg1,440,1598,1793,2541
IMG_3227.JPG,3024,3024,sg1,982,788,1535,1556
IMG_3228.JPG,3024,3024,sg1,1272,872,1766,1572
IMG_3229.JPG,3024,3024,sg1,1235,667,1814,1567
IMG_3230.JPG,3024,3024,sg1,1387,877,1908,1646
IMG_3231.JPG,3024,3024,sg1,1545,1125,2451,1757
IMG_3232.JPG,3024,3024,sg1,1151,1188,2114,1846
IMG_3233.JPG,3024,3024,sg1,1219,698,1861,1641
IMG_3234.JPG,3024,3024,sg1,1387,1098,1903,1883
IMG_3235.JPG,3024,3024,sg1,672,1914,2495,2898
IMG_3236.JPG,3024,3024,sg1,966,1004,1551,1941
IMG_3237.JPG,3024,3024,sg1,1082,598,1582,1356
IMG_3238.JPG,3024,3024,sg1,835,814,1345,1683
IMG_3239.JPG,3024,3024,sg1,661,719,1324,1525
IMG_3240.JPG,3024,3024,sg1,656,630,1214,1446
IMG_3241.JPG,3024,3024,sg1,801,1036,1635,1577
IMG_3242.JPG,3024,3024,sg1,872,604,1477,1535
IMG_3243.JPG,3024,3024,sg1,1030,1098,1940,2414
IMG_3244.JPG,3024,3024,sg1,1019,751,2735,2114
IMG_3245.JPG,3024,3024,sg1,308,1193,1366,2019
IMG_3246.JPG,3024,3024,sg1,587,962,1719,1814
IMG_3247.JPG,3024,3024,sg1,582,1125,1685,1883
IMG_3248.JPG,3024,3024,sg1,1782,83,2608,1141
IMG_3249.JPG,3024,3024,sg1,1930,246,2493,1146
IMG_3250.JPG,3024,3024,sg1,919,2014,1793,2988
IMG_3251.JPG,3024,3024,sg1,1403,188,2177,1283
IMG_3252.JPG,3024,3024,sg1,1324,1735,1966,2683
IMG_3253.JPG,3024,3024,sg1,1008,451,1535,1167
IMG_3254.JPG,3024,3024,sg1,261,1046,914,1462
IMG_3255.JPG,3024,3024,sg1,340,1009,945,1425
IMG_3256.JPG,3024,3024,sg1,114,1419,1082,2514
IMG_3257.JPG,3024,3024,sg1,877,725,2161,2272
IMG_3258.JPG,3024,3024,sg1,919,956,1566,1751
IMG_3259.JPG,3024,3024,sg1,1698,298,2177,1014
IMG_3260.JPG,3024,3024,sg1,1656,219,2098,1014
IMG_3261.JPG,3024,3024,sg1,1172,709,1872,1777
IMG_3262.JPG,3024,3024,sg1,1793,1,2372,825
IMG_3264.JPG,3024,3024,sg1,1066,1,1698,1025
IMG_3265.JPG,3024,3024,sg1,514,1304,1682,2872
IMG_3266.JPG,3024,3024,sg1,1314,614,2466,2088
IMG_3268.JPG,3024,3024,sg1,585,277,1461,1446
IMG_3269.JPG,3024,3024,sg1,640,956,1687,1746
IMG_3270.JPG,3024,3024,sg1,1230,914,2277,1593
IMG_3271.JPG,3024,3024,sg1,1487,683,2135,1593
IMG_3272.JPG,3024,3024,sg1,840,983,1893,1751
IMG_3273.JPG,3024,3024,sg1,1451,1772,2540,2367
IMG_3274.JPG,3024,3024,sg1,1593,146,2366,1067
IMG_3275.JPG,3024,3024,sg1,714,930,1156,1467
IMG_3276.JPG,3024,3024,sg1,645,2214,1130,2541
IMG_3277.JPG,3024,3024,sg1,545,335,1030,893
IMG_3278.JPG,3024,3024,sg1,1145,1719,1977,2330
IMG_3279.JPG,3024,3024,sg1,687,704,1619,1962
IMG_3280.JPG,3024,3024,sg1,1077,493,1682,1477
IMG_3281.JPG,3024,3024,sg1,419,1214,1493,2230
IMG_3282.JPG,3024,3024,sg1,161,1367,1845,2441
IMG_3283.JPG,3024,3024,sg1,1645,1541,2761,2693
IMG_3284.JPG,3024,3024,sg1,1861,1588,2814,2562
IMG_3285.JPG,3024,3024,sg1,416,567,1198,1299
IMG_3286.JPG,3024,3024,sg1,269,1814,1161,2372
IMG_3287.JPG,3024,3024,sg1,1908,1119,2472,1741
IMG_3288.JPG,3024,3024,sg1,1277,819,2230,1704
IMG_3289.JPG,3024,3024,sg1,1172,1309,1793,1719
IMG_3290.JPG,3024,3024,sg1,1135,1472,1798,1872
IMG_3291.JPG,3024,3024,sg1,1061,1335,1708,1725
IMG_3292.JPG,3024,3024,sg1,816,1593,1451,2041
IMG_3293.JPG,4032,3024,sg1,1419,642,2096,1170
IMG_3294.JPG,4032,3024,sg1,1552,870,2302,1625
IMG_3295.JPG,4032,3024,sg1,1319,1225,2185,2014
IMG_3296.JPG,3024,3024,sg1,1,987,1190,1819
IMG_3297.JPG,3024,3024,sg1,782,1662,1745,2277
IMG_3298.JPG,3024,3024,sg1,824,1398,1830,2193
IMG_3299.JPG,3024,3024,sg1,1630,872,1903,1293
IMG_3300.JPG,3024,3024,sg1,2116,319,3024,1449
IMG_3301.JPG,3024,3024,sg1,1172,567,2219,1356
IMG_3302.JPG,3024,3024,sg1,1335,1083,1719,1619
IMG_3303.JPG,3024,3024,sg1,1424,1867,2008,2372
IMG_3304.JPG,3024,3024,sg1,782,898,1298,1309
IMG_3305.JPG,3024,3024,sg1,1314,1567,1882,2219
IMG_3306.JPG,3024,3024,sg1,866,1504,1366,1893
IMG_3307.JPG,3024,3024,sg1,1166,841,1893,1841
IMG_3308.JPG,3024,3024,sg1,1777,804,2461,1925
IMG_3309.JPG,3024,3024,sg1,1377,1588,1724,2083
IMG_3310.JPG,3024,3024,sg1,1282,1630,1740,2193
IMG_3311.JPG,3024,3024,sg1,940,1530,1419,2114
IMG_3312.JPG,3024,3024,sg1,587,1667,1319,2430
IMG_3313.JPG,3024,3024,sg1,375,1872,1087,2509
IMG_3314.JPG,3024,3024,sg1,535,541,924,1041
IMG_3315.JPG,3024,3024,sg1,545,1293,1508,2819
IMG_3316.JPG,3024,3024,sg1,1130,477,1630,1198
IMG_3317.JPG,3024,3024,sg1,1787,651,2277,1435
IMG_3318.JPG,3024,3024,sg1,1338,461,1930,1293
IMG_3319.JPG,3024,3024,sg1,177,1046,858,1714
IMG_3320.JPG,3024,3024,sg1,1761,419,2482,1535
IMG_3321.JPG,3024,3024,sg1,1356,419,1619,830
IMG_3328.JPG,3024,3024,sg1,972,298,2369,2262
IMG_3329.JPG,3024,3024,sg1,1235,173,2130,1325
IMG_3330.JPG,3024,3024,sg1,1169,288,2087,1419
IMG_3331.JPG,3024,3024,sg1,2019,562,2687,1509
IMG_3332.JPG,3024,3024,sg1,1535,56,2061,883
IMG_3333.JPG,3024,3024,sg1,1351,814,1940,1756
IMG_3334.JPG,3024,3024,sg1,1582,262,2008,925
IMG_3335.JPG,3024,3024,sg1,1719,530,2108,1135
IMG_3336.JPG,3024,3024,sg1,914,767,1598,1319
IMG_3337.JPG,3024,3024,sg1,324,1356,1477,2009
IMG_3338.JPG,3024,3024,sg1,603,1504,1540,2272
IMG_3339.JPG,3024,3024,sg1,1198,183,2230,1662
IMG_3340.JPG,3024,3024,sg1,1482,419,2045,1277
IMG_3341.JPG,3024,3024,sg1,677,483,1324,1483
IMG_3342.JPG,3024,3024,sg1,861,798,1398,1609
IMG_3343.JPG,3024,3024,sg1,840,609,1545,1398
IMG_3344.JPG,3024,3024,sg1,2040,1045,2903,2177
IMG_3345.JPG,3024,3024,sg1,1072,1098,1961,1677
IMG_3346.JPG,3024,3024,sg1,935,1104,1766,1693
IMG_3347.JPG,3024,3024,sg1,1077,725,1530,1577
IMG_3348.JPG,3024,3024,sg1,987,777,1535,1556
IMG_3349.JPG,3024,3024,sg1,1061,1414,1914,2083
IMG_3350.JPG,3024,3024,sg1,69,1651,1040,2935
IMG_3351.JPG,3024,3024,sg1,577,1204,1440,2451
IMG_3352.JPG,3024,3024,sg1,1245,1098,1808,2025
IMG_3353.JPG,3024,3024,sg1,282,1041,1219,2025
IMG_3354.JPG,3024,3024,sg1,272,1304,1293,2035
IMG_3355.JPG,3024,3024,sg1,777,1351,1377,1756
IMG_3356.JPG,3024,3024,sg1,577,972,1056,1356
IMG_3357.JPG,3024,3024,sg1,1461,767,1911,1109
IMG_3360.JPG,3024,3024,sg1,1540,698,1877,1167
IMG_3361.JPG,3024,3024,sg1,1898,419,2240,1004
IMG_3362.JPG,3024,3024,sg1,1461,609,1819,1104
IMG_3363.JPG,3024,3024,sg1,1508,535,1845,1025
IMG_3364.JPG,3024,3024,sg1,1466,1272,2235,1935
IMG_3365.JPG,3024,3024,sg1,1124,504,1735,1430
IMG_3366.JPG,3024,3024,sg1,1114,567,1656,1362
IMG_3367.JPG,3024,3024,sg1,1082,1193,2072,2662
IMG_3368.JPG,3024,3024,sg1,1385,288,1782,956
IMG_3369.JPG,3024,3024,sg1,1922,941,2874,2077
IMG_3370.JPG,3024,3024,sg1,1166,246,1751,1019
IMG_3371.JPG,3024,3024,sg1,803,788,1403,1483
IMG_3372.JPG,3024,3024,sg1,1419,46,2172,941
IMG_3373.JPG,3024,3024,sg1,1027,498,1724,1352
IMG_3374.JPG,3024,3024,sg1,1282,962,1908,1788
IMG_3375.JPG,3024,3024,sg1,1482,904,2066,1756
IMG_3376.JPG,3024,3024,sg1,1298,783,2061,1804
IMG_3377.JPG,3024,3024,sg1,1119,1914,1993,2688
IMG_3378.JPG,3024,3024,sg1,817,1946,1877,3024
IMG_3379.JPG,3024,3024,sg1,587,1746,1730,3024
IMG_3380.JPG,3024,3024,sg1,477,409,2193,2904
IMG_3381.JPG,3024,3024,sg1,1134,493,1924,1683
IMG_3382.JPG,3024,3024,sg1,761,1151,1545,2288
IMG_3383.JPG,3024,3024,sg1,1119,683,2151,1998
IMG_3384.JPG,3024,3024,sg1,2053,819,2840,1909
IMG_3385.JPG,3024,3024,sg1,793,1693,1703,2319
IMG_3386.JPG,3024,3024,sg1,682,1662,1598,2225
IMG_3387.JPG,3024,3024,sg1,756,1430,1640,2046
IMG_3388.JPG,3024,3024,sg1,298,1067,1108,1688
IMG_3389.JPG,3024,3024,sg1,898,746,1587,1225
IMG_3390.JPG,3024,3024,sg1,445,1725,1898,2667
IMG_3391.JPG,3024,3024,sg1,635,1209,1535,1851
IMG_3392.JPG,3024,3024,sg1,498,1862,1609,2562
IMG_3393.JPG,3024,3024,sg1,782,1188,1477,1683
IMG_3394.JPG,3024,3024,sg1,872,688,1482,1283
IMG_3395.JPG,3024,3024,sg1,356,1504,1466,2341
IMG_3396.JPG,3024,3024,sg1,677,530,1298,967
IMG_3397.JPG,3024,3024,sg1,1024,567,1522,977
IMG_3398.JPG,3024,3024,sg1,366,667,1466,1519
IMG_3399.JPG,3024,3024,sg1,387,883,1835,1993
IMG_3400.JPG,3024,3024,sg1,672,1141,1256,1604
IMG_3401.JPG,3024,3024,sg1,608,1519,1335,1967
IMG_3402.JPG,3024,3024,sg1,935,419,1998,1541
IMG_3403.JPG,3024,3024,sg1,598,414,1593,1098
IMG_3404.JPG,3024,3024,sg1,519,1062,1156,1835
IMG_3405.JPG,3024,3024,sg1,319,1588,1130,2088
IMG_3406.JPG,3024,3024,sg1,503,946,1245,1425
IMG_3407.JPG,3024,3024,sg1,861,1225,1466,1619
IMG_3408.JPG,3024,3024,sg1,587,1156,1540,1804
IMG_3409.JPG,3024,3024,sg1,656,952,1767,1636
IMG_3410.JPG,3024,3024,sg1,514,1430,951,1693
IMG_3411.JPG,3024,3024,sg1,93,1814,803,2219
IMG_3412.JPG,3024,3024,sg1,393,1988,1924,3024
IMG_3413.JPG,3024,3024,sg1,193,1541,2351,3024
IMG_3414.JPG,3024,3024,sg1,1493,393,2182,1409
IMG_3415.JPG,3024,3024,sg1,908,919,1614,1398
IMG_3416.JPG,3024,3024,sg1,1130,1245,1735,2040
IMG_3417.JPG,3024,3024,sg1,1014,915,1516,1630
IMG_3418.JPG,3024,3024,sg1,898,1198,1498,1867
IMG_3419.JPG,3024,3024,sg1,956,778,1482,1404
IMG_3420.JPG,3024,3024,sg1,782,1146,1311,1751
IMG_3421.JPG,3024,3024,sg1,719,962,1303,1630
IMG_3422.JPG,3024,3024,sg1,745,756,1303,1372
IMG_3423.JPG,3024,3024,sg1,1940,219,2703,1146
IMG_3424.JPG,3024,3024,sg1,2187,283,3006,1251
IMG_3425.JPG,3024,3024,sg1,224,1141,1198,1751
IMG_3426.JPG,3024,3024,sg1,830,1867,1629,2872
IMG_3427.JPG,3024,3024,sg1,803,572,1577,1277
IMG_3428.JPG,3024,3024,sg1,1166,1,2048,904
IMG_3429.JPG,3024,3024,sg1,319,1409,1045,1862
IMG_3431.JPG,3024,3024,sg1,1298,1125,2619,1925
IMG_3432.JPG,3024,3024,sg1,1766,683,2798,1393
IMG_3433.JPG,3024,3024,sg1,1372,1298,2535,2156
IMG_3434.JPG,3024,3024,sg1,1472,1383,2419,2909
IMG_3435.JPG,3024,3024,sg1,1193,925,2651,2219
IMG_3436.JPG,3024,3024,sg1,782,1151,2077,2214
IMG_3437.JPG,3024,3024,sg1,461,1119,1714,1951
IMG_3438.JPG,3024,3024,sg1,1308,598,2182,1662
IMG_3439.JPG,3024,3024,sg1,630,1541,1940,2472
IMG_3440.JPG,3024,3024,sg1,375,2009,1335,2709
IMG_3441.JPG,3024,3024,sg1,1702,1593,2693,2319
IMG_3442.JPG,3024,3024,sg1,503,177,2008,1604
IMG_3443.JPG,3024,3024,sg1,940,1893,1924,2798
IMG_3444.JPG,3024,3024,sg1,882,846,1424,1472
IMG_3445.JPG,3024,3024,sg1,1408,819,2156,1283
IMG_3446.JPG,3024,3024,sg1,1061,419,1966,1114
IMG_3447.JPG,3024,3024,sg1,1761,1309,2824,1930
IMG_3448.JPG,3024,3024,sg1,801,478,1296,1041
IMG_3449.JPG,3024,3024,sg1,1472,709,2135,1672
IMG_3450.JPG,3024,3024,sg1,1161,1188,2193,2225
IMG_3451.JPG,3024,3024,sg1,882,1483,1703,2019
IMG_3452.JPG,3024,3024,sg1,419,641,993,1009
IMG_3453.JPG,3024,3024,sg1,456,414,1324,1077
IMG_3454.JPG,3024,3024,sg1,503,1298,1024,1646
IMG_3455.JPG,3024,3024,sg1,719,1509,1082,2030
IMG_3456.JPG,3024,3024,sg1,861,751,1714,1709
IMG_3457.JPG,3024,3024,sg1,687,1467,1430,2125
IMG_3458.JPG,3024,3024,sg1,872,1272,1572,1925
IMG_3459.JPG,3024,3024,sg1,930,919,1645,1741
IMG_3460.JPG,3024,3024,sg1,872,688,1561,1483
IMG_3461.JPG,3024,3024,sg1,672,814,1745,1551
IMG_3462.JPG,3024,3024,sg1,251,1435,1245,2119
IMG_3463.JPG,3024,3024,sg1,219,1035,1151,1577
IMG_3464.JPG,3024,3024,sg1,882,662,1766,1293
IMG_3465.JPG,3024,3024,sg1,766,751,1708,1298
IMG_3466.JPG,3024,3024,sg1,880,177,2237,1119
IMG_3467.JPG,3024,3024,sg1,451,1604,1366,2235
IMG_3468.JPG,3024,3024,sg1,740,893,1772,1483
IMG_3469.JPG,3024,3024,sg1,582,1483,1372,2004
IMG_3470.JPG,3024,3024,sg1,519,962,1066,1372
IMG_3471.JPG,3024,3024,sg1,1087,1377,1917,2504
IMG_3472.JPG,3024,3024,sg1,508,146,1530,1293
IMG_3473.JPG,3024,3024,sg1,572,872,1866,1788
IMG_3474.JPG,3024,3024,sg1,1077,798,2003,1583
IMG_3475.JPG,3024,3024,sg1,1214,1088,2414,2683
IMG_3476.JPG,3024,3024,sg1,1,230,1082,1093
IMG_3477.JPG,3024,3024,sg1,872,1993,1514,2641
IMG_3478.JPG,3024,3024,sg1,787,277,1798,1251
IMG_3479.JPG,3024,3024,sg1,266,956,1366,1746
IMG_3480.JPG,3024,3024,sg1,1182,4,2282,1104
IMG_3481.JPG,3024,3024,sg1,619,1467,1556,2609
IMG_3482.JPG,3024,3024,sg1,82,346,1261,1246
IMG_3483.JPG,3024,3024,sg1,1098,293,2661,1830
IMG_3484.JPG,3024,3024,sg1,145,1246,961,1862
IMG_3485.JPG,3024,3024,sg1,698,741,1466,1288
IMG_3486.JPG,3024,3024,sg1,635,1367,1498,1930
IMG_3487.JPG,3024,3024,sg1,898,893,1924,1719
IMG_3488.JPG,3024,3024,sg1,924,1335,1672,1862
IMG_3489.JPG,3024,3024,sg1,966,1251,1740,1688
IMG_3490.JPG,3024,3024,sg1,1019,1241,2430,2093
IMG_3491.JPG,3024,3024,sg1,793,646,1472,1656
IMG_3492.JPG,3024,3024,sg1,1293,1162,1961,2172
IMG_3493.JPG,3024,3024,sg1,1361,725,2345,2156
IMG_3494.JPG,3024,3024,sg1,1,625,930,2130
IMG_3495.JPG,3024,3024,sg1,1377,1193,2530,2177
IMG_3496.JPG,3024,3024,sg1,856,856,1908,2135
IMG_3497.JPG,3024,3024,sg1,1377,867,2598,1998
IMG_3498.JPG,3024,3024,sg1,1693,1514,2861,2762
IMG_3499.JPG,3024,3024,sg1,1303,1509,2451,2304
IMG_3500.JPG,3024,3024,sg1,777,1298,1998,2088
IMG_3501.JPG,3024,3024,sg1,1024,1783,2208,2688
IMG_3502.JPG,3024,3024,sg1,498,1104,1214,1493
IMG_3503.JPG,3024,3024,sg1,266,1277,1014,1730
IMG_3504.JPG,3024,3024,sg1,1035,1219,1566,1841
IMG_3505.JPG,3024,3024,sg1,366,841,935,1298
IMG_3506.JPG,3024,3024,sg1,156,1162,677,1541
IMG_3507.JPG,3024,3024,sg1,761,1083,1235,1404
IMG_3508.JPG,3024,3024,sg1,993,1125,1772,1735
IMG_3509.JPG,3024,3024,sg1,782,946,1172,1283
IMG_3510.JPG,3024,3024,sg1,1035,1283,1361,1535
IMG_3511.JPG,3024,3024,sg1,866,1335,1219,1598
IMG_3512.JPG,3024,3024,sg1,498,1446,1193,1872
IMG_3513.JPG,3024,3024,sg1,487,1704,1287,2230
IMG_3514.JPG,3024,3024,sg1,1124,1556,1777,2362
IMG_3515.JPG,3024,3024,sg1,393,1430,1098,1904
IMG_3516.JPG,3024,3024,sg1,993,1835,1645,2483
IMG_3517.JPG,3024,3024,sg1,1372,393,1841,967
IMG_3518.JPG,3024,3024,sg1,703,1225,1482,1767
IMG_3519.JPG,3024,3024,sg1,1287,1388,1861,2067
IMG_3520.JPG,3024,3024,sg1,914,509,1708,1056
IMG_3521.JPG,3024,3024,sg1,877,1193,1803,1856
IMG_3522.JPG,3024,3024,sg1,1614,604,2324,1325
IMG_3523.JPG,3024,3024,sg1,1251,946,2282,1719
IMG_3524.JPG,3024,3024,sg1,740,841,1403,1283
IMG_3525.JPG,3024,3024,sg1,1472,1114,1940,1772
IMG_3526.JPG,3024,3024,sg1,1545,214,2330,1062
IMG_3527.JPG,3024,3024,sg1,698,1235,1314,1693
IMG_3528.JPG,3024,3024,sg1,1377,998,1761,1456
IMG_3529.JPG,3024,3024,sg1,687,1346,1266,1777
IMG_3530.JPG,3024,3024,sg1,772,1451,1398,1904
IMG_3531.JPG,3024,3024,sg1,1730,1130,2514,2072
IMG_3532.JPG,3024,3024,sg1,1003,1551,1903,2435
IMG_3533.JPG,3024,3024,sg1,582,1119,1382,1651
IMG_3534.JPG,3024,3024,sg1,2066,9,2782,793
IMG_3535.JPG,3024,3024,sg1,951,1262,1698,2046
IMG_3536.JPG,3024,3024,sg1,745,1325,1566,1888
IMG_3537.JPG,3024,3024,sg1,745,1614,1656,2267
IMG_3538.JPG,3024,3024,sg1,1193,1035,1972,1709
IMG_3539.JPG,3024,3024,sg1,1087,1304,1803,1830
IMG_3540.JPG,3024,3024,sg1,682,1656,1440,2209
IMG_3541.JPG,3024,3024,sg1,1245,1172,1951,1925
IMG_3542.JPG,3024,3024,sg1,151,125,1082,893
IMG_3543.JPG,3024,3024,sg1,1682,830,2266,1483
IMG_3544.JPG,3024,3024,sg1,719,1572,1814,2398
IMG_3545.JPG,3024,3024,sg1,356,1088,1287,1667
IMG_3546.JPG,3024,3024,sg1,656,1751,1477,2356
IMG_3547.JPG,3024,3024,sg1,1177,1351,1814,2051
IMG_3548.JPG,3024,3024,sg1,1177,604,1998,1646
IMG_3549.JPG,3024,3024,sg1,951,846,1287,1262
IMG_3550.JPG,3024,3024,sg1,1240,1304,1651,1946
IMG_3551.JPG,3024,3024,sg1,593,1504,1324,2162
IMG_3552.JPG,3024,3024,sg1,130,1135,1077,1693
IMG_3553.JPG,3024,3024,sg1,866,219,1708,798
IMG_3554.JPG,3024,3024,sg1,387,1683,1303,2198
IMG_3555.JPG,3024,3024,sg1,1187,683,2040,1483
IMG_3556.JPG,3024,3024,sg1,1198,2030,2224,2883
IMG_3557.JPG,3024,3024,sg1,787,1877,1772,2651
IMG_3558.JPG,3024,3024,sg1,782,572,1561,1219
IMG_3559.JPG,3024,3024,sg1,672,1125,1330,1756
IMG_3560.JPG,3024,3024,sg1,577,1377,1330,1867
IMG_3561.JPG,3024,3024,sg1,566,1630,1056,2004
IMG_3562.JPG,3024,3024,sg1,703,1577,1308,2009
IMG_3563.JPG,3024,3024,sg1,1166,1346,1982,1946
IMG_3564.JPG,3024,3024,sg1,1024,1577,1582,2398
IMG_3565.JPG,3024,3024,sg1,540,1614,1330,2546
IMG_3566.JPG,3024,3024,sg1,782,1267,1756,2004
IMG_3567.JPG,3024,3024,sg1,545,1351,1656,2383
IMG_3568.JPG,3024,3024,sg1,1451,656,2177,1625
IMG_3569.JPG,3024,3024,sg1,666,1198,1966,2004
IMG_3570.JPG,4032,3024,sg1,1819,1320,2457,2098
IMG_3571.JPG,3024,3024,sg1,1887,435,2598,1198
IMG_3572.JPG,3024,3024,sg1,987,1146,1745,1719
IMG_3573.JPG,3024,3024,sg1,1266,567,2045,1625
IMG_3574.JPG,3024,3024,sg1,935,946,1614,1998
IMG_3575.JPG,3024,3024,sg1,1572,1209,2251,2251
IMG_3576.JPG,3024,3024,sg1,1208,825,1824,1735
IMG_3577.JPG,3024,3024,sg1,1551,1346,2266,2330
IMG_3578.JPG,3024,3024,sg1,1501,130,2530,1325
IMG_3579.JPG,3024,3024,sg1,1651,730,2272,1598
IMG_3580.JPG,3024,3024,sg1,1335,930,1745,1704
IMG_3581.JPG,3024,3024,sg1,824,609,1582,1693
IMG_3583.JPG,3024,3024,sg1,1140,825,1714,1746
IMG_3584.JPG,3024,3024,sg1,1708,1098,2345,2014
IMG_3586.JPG,3024,3024,sg1,1305,377,1919,1220
IMG_3587.JPG,3024,3024,sg1,566,883,1335,1788
IMG_3588.JPG,3024,3024,sg1,1951,1330,2556,2230
IMG_3589.JPG,3024,3024,sg1,1003,862,1677,1719
IMG_3590.JPG,3024,3024,sg1,1203,1125,2030,1725
IMG_3591.JPG,3024,3024,sg1,1282,1467,1951,2314
IMG_3592.JPG,3024,3024,sg1,1245,577,1703,1262
IMG_3593.JPG,3024,3024,sg1,1424,814,2245,1809
IMG_3594.JPG,3024,3024,sg1,1008,1051,2008,1804
IMG_3595.JPG,3024,3024,sg1,1203,1319,2219,2051
IMG_3596.JPG,3024,3024,sg1,1372,472,2303,1998
IMG_3597.JPG,3024,3024,sg1,3,962,772,2093
IMG_3598.JPG,3024,3024,sg1,1919,1314,2845,2714
IMG_3599.JPG,3024,3024,sg1,1298,841,1951,1935
IMG_3600.JPG,3024,3024,sg1,532,525,1169,1235
IMG_3601.JPG,3024,3024,sg1,1403,577,2414,1293
IMG_3602.JPG,3024,3024,sg1,872,1062,1830,2298
IMG_3603.JPG,3024,3024,sg1,1593,735,2166,1562
IMG_3605.JPG,3024,3024,sg1,1519,1204,2677,2488
IMG_3606.JPG,3024,3024,sg1,1293,1009,1761,1672
IMG_3607.JPG,3024,3024,sg1,1114,556,1866,1104
IMG_3608.JPG,3024,3024,sg1,1940,1835,2694,2467
IMG_3609.JPG,3024,3024,sg1,1166,493,1898,1546
IMG_3610.JPG,3024,3024,sg1,1587,646,2456,1641
IMG_3611.JPG,3024,3024,sg1,1082,1035,1714,1746
IMG_3612.JPG,3024,3024,sg1,1308,430,2108,1519
IMG_3614.JPG,3024,3024,sg1,545,1098,1524,1783
IMG_3615.JPG,3024,3024,sg1,1357,788,2024,1721
IMG_3616.JPG,3024,3024,sg1,1324,656,2014,1656
IMG_3617.JPG,3024,3024,sg1,1826,825,2487,1788
IMG_3618.JPG,3024,3024,sg1,1472,488,2072,1435
IMG_3619.JPG,3024,3024,sg1,1519,1035,2293,2204
IMG_3620.JPG,3024,3024,sg1,930,1709,1940,2530
IMG_3621.JPG,3024,3024,sg1,1393,551,2035,1462
IMG_3622.JPG,3024,3024,sg1,1372,1009,2172,1493
IMG_3623.JPG,3024,3024,sg1,1709,1394,2563,2252
IMG_3624.JPG,3024,3024,sg1,1340,251,2142,1487
IMG_3625.JPG,3024,3024,sg1,1070,1056,1756,2004
IMG_3626.JPG,3024,3024,sg1,745,1146,1503,2056
IMG_3627.JPG,3024,3024,sg1,1577,677,2440,1788
IMG_3628.JPG,3024,3024,sg1,1093,1319,1993,2304
IMG_3629.JPG,3024,3024,sg1,624,869,1303,1772
IMG_3630.JPG,3024,3024,sg1,1398,556,2082,1493
IMG_3631.JPG,3024,3024,sg1,419,441,1551,1435
IMG_3632.JPG,3024,3024,sg1,145,1309,1293,2004
IMG_3633.JPG,3024,3024,sg1,1698,688,2414,1625
IMG_3634.JPG,3024,3024,sg1,1451,1345,2320,2219
IMG_3635.JPG,3024,3024,sg1,635,956,1534,1916
IMG_3636.JPG,3024,3024,sg1,1098,35,1903,1256
IMG_3637.JPG,3024,3024,sg1,851,893,1445,1519
IMG_3638.JPG,3024,3024,sg1,846,1098,1730,2200
IMG_3639.JPG,3024,3024,sg1,1261,23,1777,830
IMG_3640.JPG,3024,3024,sg1,1240,793,2066,1756
IMG_3641.JPG,3024,3024,sg1,1106,917,2068,1953
IMG_3642.JPG,3024,3024,sg1,1340,398,1872,1230
IMG_3643.JPG,3024,3024,sg1,251,751,1572,2667
IMG_3644.JPG,3024,3024,sg1,693,362,1187,1056
IMG_3645.JPG,3024,3024,sg1,1161,730,1798,1646
IMG_3646.JPG,3024,3024,sg1,1319,983,1782,1646
IMG_3647.JPG,3024,3024,sg1,1561,488,2230,1204
IMG_3648.JPG,3024,3024,sg1,1308,651,1840,1562
IMG_3649.JPG,3024,3024,sg1,1635,862,2593,2183
IMG_3650.JPG,3024,3024,sg1,1614,535,2219,1456
IMG_3651.JPG,3024,3024,sg1,682,109,1430,825
IMG_3652.JPG,3024,3024,sg1,1819,114,2519,1162
IMG_3653.JPG,3024,3024,sg1,1851,514,2403,1367
IMG_3654.JPG,3024,3024,sg1,735,835,1856,1762
IMG_3655.JPG,3024,3024,sg1,1777,1504,2440,2146
IMG_3656.JPG,3024,3024,sg1,1093,356,1882,1630
IMG_3657.JPG,3024,3024,sg1,2030,1014,2930,2156
IMG_3658.JPG,3024,3024,sg1,145,1293,1245,2267
IMG_3659.JPG,3024,3024,sg1,1177,393,1835,1383
IMG_3660.JPG,3024,3024,sg1,1940,1188,2645,1972
IMG_3661.JPG,3024,3024,sg1,593,793,1293,1541
IMG_3662.JPG,3024,3024,sg1,1572,541,2282,1504
IMG_3663.JPG,3024,3024,sg1,1956,809,3008,1725
IMG_3664.JPG,3024,3024,sg1,524,1298,1308,1941
IMG_3665.JPG,3024,3024,sg1,1003,504,1903,1441
IMG_3666.JPG,3024,3024,sg1,2087,977,2856,1877
IMG_3667.JPG,3024,3024,sg1,572,909,1514,1688
IMG_3668.JPG,3024,3024,sg1,561,1314,1630,2298
IMG_3669.JPG,3024,3024,sg1,793,925,1524,1909
IMG_3670.JPG,3024,3024,sg1,1698,829,2440,1825
IMG_3671.JPG,3024,3024,sg1,1719,1077,2451,2025
IMG_3672.JPG,3024,3024,sg1,945,667,1524,1519
IMG_3673.JPG,3024,3024,sg1,1651,1057,2272,1956
IMG_3674.JPG,3024,3024,sg1,1366,546,2035,1425
IMG_3675.JPG,3024,3024,sg1,1794,713,2366,1709
IMG_3676.JPG,3024,3024,sg1,1009,883,1572,1709
IMG_3677.JPG,3024,3024,sg1,1614,693,2308,1614
IMG_3678.JPG,3024,3024,sg1,1724,1167,2587,2077
IMG_3679.JPG,3024,3024,sg1,703,814,1419,1856
IMG_3680.JPG,3024,3024,sg1,1240,219,1756,1009
IMG_3681.JPG,3024,3024,sg1,1419,962,2103,1793
IMG_3682.JPG,3024,3024,sg1,440,735,955,1409
IMG_3683.JPG,3024,3024,sg1,1814,404,2372,1146
IMG_3684.JPG,3024,3024,sg1,1524,656,2908,2119
IMG_3685.JPG,3024,3024,sg1,1303,193,1935,1046
IMG_3686.JPG,3024,3024,sg1,1445,1645,1961,2361
IMG_3687.JPG,3024,3024,sg1,566,1251,1214,2004
IMG_3688.JPG,3024,3024,sg1,1430,1198,1982,1893
IMG_3689.JPG,3024,3024,sg1,130,1288,1156,1993
IMG_3690.JPG,3024,3024,sg1,456,283,1572,998
IMG_3691.JPG,3024,3024,sg1,661,1609,1619,2467
IMG_3692.JPG,3024,3024,sg1,740,1351,1456,1877
IMG_3693.JPG,3024,3024,sg1,530,762,1298,1346
IMG_3694.JPG,3024,3024,sg1,1093,1919,1740,2625
IMG_3695.JPG,3024,3024,sg1,803,1182,2051,2109
IMG_3696.JPG,3024,3024,sg1,345,456,1719,1609
IMG_3697.JPG,3024,3024,sg1,241,1488,1735,3024
IMG_3698.JPG,3024,3024,sg1,603,1219,1840,2551
IMG_3699.JPG,3024,3024,sg1,451,1214,1451,1952
IMG_3700.JPG,3024,3024,sg1,724,1698,1551,2498
IMG_3701.JPG,3024,3024,sg1,693,799,1593,1535
IMG_3702.JPG,3024,3024,sg1,930,383,1893,1535
IMG_3703.JPG,3024,3024,sg1,598,173,1919,1430
IMG_3704.JPG,3024,3024,sg1,987,372,2356,1636
IMG_3705.JPG,3024,3024,sg1,1482,1272,2919,2408
IMG_3706.JPG,3024,3024,sg1,572,998,1919,1940
IMG_3707.JPG,3024,3024,sg1,1308,1262,2608,2335
IMG_3708.JPG,3024,3024,sg1,1208,1072,2446,2352
IMG_3709.JPG,3024,3024,sg1,1151,993,1988,1809
IMG_3712.JPG,3024,3024,sg1,1657,1041,2387,2098
IMG_3713.JPG,3024,3024,sg1,766,1298,1582,2392
IMG_3714.JPG,3024,3024,sg1,1635,1209,2324,2157
